-- phpMyAdmin SQL Dump
-- version 4.5.2
-- http://www.phpmyadmin.net
--
-- Host: localhost
-- Generation Time: Dec 23, 2017 at 10:50 
-- Server version: 10.1.13-MariaDB
-- PHP Version: 5.6.23

SET SQL_MODE = "NO_AUTO_VALUE_ON_ZERO";
SET time_zone = "+00:00";


/*!40101 SET @OLD_CHARACTER_SET_CLIENT=@@CHARACTER_SET_CLIENT */;
/*!40101 SET @OLD_CHARACTER_SET_RESULTS=@@CHARACTER_SET_RESULTS */;
/*!40101 SET @OLD_COLLATION_CONNECTION=@@COLLATION_CONNECTION */;
/*!40101 SET NAMES utf8mb4 */;

--
-- Database: `libros`
--

-- --------------------------------------------------------

--
-- Table structure for table `autores`
--
use `libros`;


CREATE TABLE `autores` (
  `cod_autor` int(3) NOT NULL DEFAULT '0',
  `nom_autor` varchar(20) DEFAULT NULL,
  `apellido1` varchar(25) DEFAULT NULL,
  `apellido2` varchar(25) DEFAULT NULL,
  `f_nac` date DEFAULT NULL,
  `f_def` date DEFAULT NULL,
  `nacionalidad` int(2) DEFAULT NULL,
  `foto` varchar(30) DEFAULT NULL,
  `localidad` varchar(50) DEFAULT NULL,
  `biografia` mediumtext
) ENGINE=InnoDB DEFAULT CHARSET=latin1;

--
-- Dumping data for table `autores`
--

INSERT INTO `autores` (`cod_autor`, `nom_autor`, `apellido1`, `apellido2`, `f_nac`, `f_def`, `nacionalidad`, `foto`, `localidad`, `biografia`) VALUES
(1000, 'Antonio', 'Larreta', 'Ferreira', '1922-12-14', '2015-08-16', 5, 'Larreta.jpg', 'Montevideo', 'Nació en el seno de una familia acomodada y culta que facilitó sus inquietudes y desarrollo de su creatividad. Estudió en la Escuela y Liceo Elbio Fernández.2? Se destacó como actor, dramaturgo, escritor, traductor, periodista, guionista de televisión y cine, cineasta, director teatral, crítico de cine y de teatro (en El País desde 1948 a 1959 y en Marcha desde 1963 a 1966). Como traductor realizó, entre otras, las traducciones de Diálogos de Carmelitas, de Georges Bernanos, Los caprichos de Mariana, de Alfred de Musset, y La Mandrágora de Maquiavelo. Como guionista televisivo, fue el creador de Curro Jiménez, popular serie española emitida por TVE desde 1976 a 1978.'),
(1001, 'Arturo', 'Pérez', 'Reverte', '1950-11-29', '0000-00-00', 1, 'reverte.jpg', 'Cartagena (Murcia)', ''),
(1002, 'Raúl', 'Guerra', 'Garrido', '1935-04-04', '0000-00-00', 1, 'garrido.jpg', 'Madrid', ''),
(1003, 'Juan', 'Eslava', 'Galán', '1948-03-06', '0000-00-00', 1, 'eslava.jpg', 'Arjona (Jaén)', ''),
(1004, 'Almudena', 'Grandes', 'Hernández', '1959-11-29', '0000-00-00', 1, 'almudena.jpg', 'Madrid', ''),
(1005, 'Antonio', 'Muñoz', 'Molina', '1956-00-00', '0000-00-00', 1, 'munoz.jpg', 'Úbeda', ''),
(1006, 'John', 'Le Carré', '', '1931-10-19', '0000-00-00', 3, 'lecarre.jpg', 'Poole (Dorset)', ''),
(1007, 'Luis', 'Landero', 'Durán', '1948-03-25', '0000-00-00', 1, 'landero.jpg', 'Alburquerque (Badajoz)', ''),
(1008, 'Mario', 'Vargas', 'Llosa', '1936-03-28', '0000-00-00', 2, 'vargas.jpg', 'Arequipa', ''),
(1009, 'Mercedes', 'Abad', '', '1961-00-00', '0000-00-00', 1, 'abad.jpg', 'Barcelona', ''),
(1010, 'Carmen', 'Posadas', 'Mañé', '1953-08-13', '0000-00-00', 1, 'posadas.jpg', 'Uruguay', ''),
(1011, 'Carmen', 'Martín', 'Gaite', '1925-12-08', '2000-07-23', 1, 'gaite.jpg', 'Salamanca', ''),
(1012, 'Frank', 'McCourt', '', '1930-10-06', '2009-07-19', 13, 'frank.jpg', 'Nueva York', ''),
(1013, 'José', 'Saramago', '', '1922-11-16', '2010-06-18', 7, 'saramago.jpg', 'Azinhaga (Ribetejo)', ''),
(1014, 'Ahmed Salman', 'Rushdie', '', '1947-06-19', '0000-00-00', 8, 'rushdie.jpg', 'Bombay', ''),
(1015, 'Manuel', 'Vázquez', 'Montalbán', '1939-07-26', '2003-10-18', 1, 'montalban.jpg', 'Barcelona', ''),
(1016, 'Manuel', 'Rivas', 'Barrós', '1957-10-23', '0000-00-00', 1, 'rivas.jpg', 'La Coruña', ''),
(1017, 'Gabriel', 'García', 'Márquez', '1927-03-06', '2014-04-17', 4, 'gmarquez.jpg', 'Aracataca', ''),
(1018, 'Antonio', 'Tabucchi', '', '1943-09-23', '2012-03-25', 10, 'Tabucchi.jpg', 'Pisa', ''),
(1019, 'Juan José', 'Millás', '', '1946-01-31', '0000-00-00', 1, 'millas.jpg', 'Valencia', ''),
(1020, 'Isabel', 'Allende', 'Llona', '1942-08-02', '0000-00-00', 9, 'allende.jpg', 'Lima', ''),
(1021, 'Nicholas', 'Evans', '', '1950-00-00', '0000-00-00', 3, 'evans.jpg', 'Worcestershire', ''),
(1022, 'José', 'Donoso', 'Yáñez', '1924-09-24', '1996-12-06', 9, 'donoso.jpg', 'Santiago de Chile', ''),
(1023, 'José María', 'Merino', 'Sánchez', '1940-11-29', '0000-00-00', 1, 'merino.jpg', 'León', ''),
(1024, 'Camilo José', 'Cela', 'Trulock', '1916-05-11', '2002-01-17', 1, 'cela.jpg', 'Iria Flavia', ''),
(1025, 'Javier', 'Marías', 'Franco', '1951-09-20', '0000-00-00', 1, 'marias.jpg', 'Madrid', ''),
(1026, 'Fulgencio', 'Argüelles', 'Tuñón', '1955-01-05', '0000-00-00', 1, 'fulgencio.jpg', 'Orillés', ''),
(1027, 'Juan José', 'Armas', 'Marcelo', '1946-07-21', '0000-00-00', 1, 'armas.jpg', 'Las Palmas de Gran Canaria', ''),
(1028, 'William', 'Boyd', '', '1952-03-07', '0000-00-00', 18, 'boyd.jpg', 'Accra', ''),
(1029, 'Joaquín', 'Leguina', 'Herrán', '1941-05-04', '0000-00-00', 1, 'leguina.jpg', 'Villaescusa', ''),
(1030, 'Tim', 'Willocks', '', '1957-10-27', '0000-00-00', 3, 'timwillocks.jpg', 'Stalybridge', ''),
(1031, 'Joseph', 'Conrad', '', '1857-12-02', '1924-08-02', 17, 'conrad.jpg', 'Berdichev', ''),
(1032, 'Günter', 'Grass', '', '1927-10-16', '2015-04-13', 17, 'grass.jpg', 'Danzig', ''),
(1033, 'Eduardo', 'Mendoza', 'Garriga', '1943-01-11', '0000-00-00', 1, 'mendoza.jpg', 'Barcelona', ''),
(1034, 'Dominique', 'Lapierre', '', '1931-07-30', '0000-00-00', 14, 'lapierre.jpg', 'La Rochelle', ''),
(1035, 'Antonio', 'Gala', 'Velasco', '1936-10-02', '0000-00-00', 1, 'gala.jpg', 'Brazastortas', ''),
(1036, 'Larry', 'Collins', '', '1929-09-14', '2005-06-20', 6, 'collins.jpg', 'West', ''),
(1037, 'Fiodor', 'Dostoievsky', '', '1821-08-17', '1881-02-08', 15, 'dostoievski.jpg', 'Moscú', ''),
(1038, 'Juan Antonio', 'Vallejo', 'Nájera', '1926-11-14', '1990-03-12', 1, 'vallejo.jpg', 'Oviedo', ''),
(1039, 'Cristóbal', 'Zaragoza', 'Sellés', '1923-03-04', '1999-02-25', 1, 'zaragoza.jpg', 'Villajoyosa', ''),
(1040, 'Juan', 'Marsé', 'Carbó', '1933-01-08', '0000-00-00', 1, 'marse.jpg', 'Barcelona', ''),
(1041, 'Jorge', 'Semprún', 'Maura', '1923-12-10', '2011-06-07', 1, 'semprun.jpg', 'Madrid', ''),
(1042, 'Fernando', 'González', 'Delgado', '1947-12-04', '0000-00-00', 1, 'delgado.jpg', 'Santa Cruz de Tenerife', ''),
(1043, 'Jesús', 'Torbado', 'Carro', '1943-01-03', '0000-00-00', 1, 'torbado.jpg', 'León', ''),
(1044, 'Angel', 'Palomino', 'Jiménez', '1919-08-01', '2004-02-20', 1, 'palomino.jpg', 'Toledo', ''),
(1045, 'Lourdes', 'Ortiz', 'Sánchez', '1943-03-24', '0000-00-00', 1, 'ortiz.jpg', 'Madrid', ''),
(1046, 'Fernando', 'Schwartz', 'Girón', '1937-11-15', '0000-00-00', 1, 'schwartz.jpg', 'Ginebra', ''),
(1047, 'Gonzalo', 'Torrente', 'Ballester', '1910-06-13', '1999-01-27', 1, 'torrente.jpg', 'Currás (Serantes)', ''),
(1048, 'José María', 'del Val', 'Peñalosa', '1950-11-28', '0000-00-00', 1, 'delval.jpg', 'Ciudad Real', ''),
(1049, 'José Luis', 'Olaizola', 'Sarriá', '1927-12-25', '0000-00-00', 1, 'olaizola.jpg', 'San Sebastián', ''),
(1050, 'Fernando', 'Quiñones', 'Chozas', '1930-03-02', '1998-12-17', 1, 'quinones.jpg', 'Chiclana de la Frontera', ''),
(1051, 'Francisco', 'González', 'Ledesma', '1927-03-17', '2015-03-02', 1, 'ledesma.jpg', 'Barcelona', ''),
(1052, 'Néstor', 'Luján', 'Fernández', '1922-00-00', '1995-12-22', 1, 'Lujan.jpg', 'Mataró', ''),
(1053, 'Pedro', 'Casals', 'Aldama', '1944-07-19', '0000-00-00', 1, 'Casals.jpg', 'Barcelona', ''),
(1054, 'Angeles', 'Mastretta', '', '1949-10-09', '0000-00-00', 16, 'mastretta.jpg', 'Puebla de Zaragoza', ''),
(1055, 'Charles', 'Dickens', '', '1812-02-07', '1870-06-09', 3, 'dickens.jpg', 'Portsmouth', ''),
(1056, 'Alejandro', 'Dumas', '', '1802-07-24', '1870-12-05', 14, 'dumas.jpg', 'Villers-Cotterêts (Aisne)', ''),
(1057, 'Terenci', 'Moix', 'Meseguer', '1942-01-05', '2003-04-02', 1, 'moix.jpg', 'Barcelona', ''),
(1058, 'Alberto', 'Vázquez', 'Figueroa', '1936-10-11', '0000-00-00', 1, 'figueroa.jpg', 'Santa Cruz de Tenerife', ''),
(1059, 'Ana María', 'Matute', 'Ausejo', '1925-07-26', '2014-06-25', 1, 'matute.jpg', 'Barcelona', ''),
(1060, 'Pío', 'Baroja', 'Nessi', '1872-12-28', '1956-10-30', 1, 'baroja.jpg', 'San Sebastián', ''),
(1061, 'Albert', 'Camus', '', '1913-11-07', '1960-01-04', 14, 'camus.jpg', 'Argelia', ''),
(1062, 'Herman', 'Hesse', '', '1877-07-02', '1962-08-09', 11, 'hesse.jpg', 'Calw', ''),
(1063, 'Francis Scott', 'Fitzgerald', '', '1896-09-24', '1940-12-21', 6, 'fitzgerald.jpg', 'Saint-Paul (Minnesota)', ''),
(1064, 'John', 'Grisham', '', '1955-02-07', '0000-00-00', 6, 'grisham.jpg', 'Jonesboro (Arkansas)', ''),
(1065, 'Frederick', 'Forsyth', '', '1938-08-00', '0000-00-00', 3, 'forsyth.jpg', 'Ashford', ''),
(1066, 'Raymond Thornton', 'Chandler', '', '1888-07-21', '1959-03-25', 6, 'chandler.jpg', 'Chicago (Illinois)', ''),
(1067, 'Ernest', 'Hemingway', '', '1899-07-21', '1961-07-02', 6, 'hemingway.jpg', 'Oak Park (Illinois)', ''),
(1068, 'Emilio', 'Salgari', '', '1862-08-21', '1911-04-25', 10, 'salgari.jpg', 'Verona', ''),
(1069, 'Patrick', 'Cauvin', '', '1932-10-06', '2010-08-13', 14, 'cauvin.jpg', 'Marsella', ''),
(1070, 'Noah', 'Gordon', '', '1926-11-11', '0000-00-00', 3, 'gordon.jpg', 'Worcester (Massachusetts)', ''),
(1071, 'Joseph', 'Joffo', '', '1931-01-01', '0000-00-00', 14, 'joffo.jpg', 'París', ''),
(1072, 'Margaret', 'Mitchell', '', '1900-11-08', '1949-08-16', 3, 'mitchell.jpg', 'Atlanta', ''),
(1073, 'Victor', 'Hugo', '', '1802-02-26', '1885-05-22', 14, 'hugo.jpg', 'Besanzón', ''),
(1074, 'Pedro Jesús', 'Fernández', '', '1956-01-01', '0000-00-00', 1, 'fernandez.jpg', 'Albacete', ''),
(1075, 'Paulo', 'Coelho', '', '1947-08-23', '0000-00-00', 19, 'coelho.jpg', 'Río de Janeiro', ''),
(1076, 'Miguel', 'Delibes', 'Setién', '1920-10-17', '2010-03-12', 1, 'delibes.jpg', 'Valladolid', ''),
(1077, 'Ken', 'Follet', '', '1949-00-00', '0000-00-00', 20, 'follet.jpg', 'Cardiff', ''),
(1078, 'Miguel', 'Unamuno', 'Jugo', '1864-09-29', '1936-12-31', 1, 'unamuno.jpg', 'Bilbao', ''),
(1079, 'Jorge Luis', 'Borges', 'Acevedo', '1899-08-24', '1986-06-14', 21, 'borges.jpg', 'Buenos Aires', ''),
(1080, 'Graham', 'Greene', '', '1904-10-02', '1991-04-03', 3, 'greene.jpg', 'Berkhamsted (Hertfordshire)', ''),
(1081, 'Franz', 'Kafka', '', '1883-07-03', '1924-06-03', 22, 'kafka.jpg', 'Praga', ''),
(1082, 'Torcuato', 'Luca de Tena', 'Brunet', '1923-06-09', '1999-06-01', 1, 'lucatena.jpg', 'Madrid', ''),
(1083, 'Katherine', 'Neville', '', '1945-04-04', '0000-00-00', 6, 'neville.jpg', 'St.', ''),
(1084, 'Juan', 'Rulfo', 'Vizcaíno', '1917-05-16', '1986-01-07', 16, 'rulfo.jpg', 'Sayula', ''),
(1085, 'Ramón María', 'Valle', 'Inclán', '1866-10-28', '1936-01-05', 1, 'valle.jpg', 'Villanueva de Arosa', ''),
(1086, 'Mario', 'Puzo', '', '1920-10-15', '1999-07-02', 6, 'puzo.jpg', 'New York', ''),
(1087, 'Benito', 'Pérez', 'Galdós', '1843-05-10', '1920-01-04', 1, 'galdos.jpg', 'Las Palmas', ''),
(1088, 'Mark', 'Twain', '', '1835-11-29', '1910-04-21', 6, 'twain.jpg', 'Florida', ''),
(1089, 'Virginia', 'Woolf', '', '1882-01-25', '1941-03-28', 3, 'virginia.jpg', 'Londres', ''),
(1090, 'Gustave', 'Flaubert', '', '1821-12-12', '1880-05-08', 14, 'flaubert.jpg', 'Ruán', ''),
(1091, 'Arthur', 'Golden', '', '1956-12-06', '0000-00-00', 6, 'golden.jpg', 'Chattanooga', ''),
(1092, 'Alberto', 'Moravia', '', '1907-11-28', '1990-09-26', 10, 'moravia.jpg', 'Roma', ''),
(1093, 'James', 'Joyce', '', '1882-02-02', '1941-01-13', 13, 'joyce.jpg', 'Dublín', ''),
(1094, 'Juan Pedro', 'Aparicio', 'Sánchez', '1941-01-01', '0000-00-00', 1, 'aparicio.jpg', 'León', ''),
(1095, 'Milan', 'Kundera', '', '1929-04-01', '0000-00-00', 22, 'kundera.jpg', 'Brno', ''),
(1096, 'Dashiell', 'Hammett', '', '1894-05-26', '1961-01-09', 6, 'hammett.jpg', 'Condado de Saint Mary (Maryland)', ''),
(1097, 'Paul', 'Bowles', '', '1910-12-30', '1999-11-18', 6, 'bowles.jpg', 'Nueva York', ''),
(1098, 'Patricia', 'Cornwell', '', '1956-06-09', '0000-00-00', 6, 'patricia.jpg', 'Miami (Florida)', ''),
(1099, 'Olga', 'Guirao', '', '1956-00-00', '0000-00-00', 1, 'guirao.jpg', 'Barcelona', ''),
(1100, 'Jorge', 'Amado', '', '1912-08-10', '2001-08-06', 19, 'amado.jpg', 'Bahía', ''),
(1101, 'Valérie', 'Tasso', '', '1969-01-23', '0000-00-00', 14, 'tasso.jpg', 'Champagne-Ardenne', ''),
(1102, 'Arandhati', 'Roy', '', '1961-11-23', '0000-00-00', 8, 'arundhati.jpg', 'Bengala (Kerala)', ''),
(1103, 'Marguerite', 'Duras', '', '1914-04-04', '1996-03-03', 14, 'duras.jpg', '', ''),
(1104, 'Paul', 'Williams', '', '1964-00-00', '0000-00-00', 13, 'comodin.jpg', '', ''),
(1105, 'Marguerite', 'Yourcenar', '', '1903-06-08', '1987-12-17', 24, 'yourcenar.jpg', 'Bruselas', ''),
(1106, 'Vladimir', 'Nabokov', '', '1899-04-23', '1977-07-02', 15, 'nabokov.jpg', 'St. Petesburgo', ''),
(1107, 'José Luis', 'Sampedro', 'Sáez', '1917-02-01', '2013-04-08', 1, 'sampedro.jpg', 'Barcelona', ''),
(1108, 'Antonio', 'Gómez', 'Rufo', '1954-00-00', '0000-00-00', 1, 'rufo.jpg', 'Madrid', ''),
(1109, 'José María', 'Mendiluce', 'Pereiro', '1951-04-14', '2015-11-28', 1, 'mendiluce.jpg', 'Madrid', ''),
(1110, 'Martin', 'Cruz', 'Smith', '1941-11-29', '0000-00-00', 6, 'cruz.jpg', '', ''),
(1111, 'Lucía', 'Etxebarría', 'Asteinza', '1966-12-06', '0000-00-00', 1, 'etxebarria.JPG', 'Valencia', ''),
(1112, 'José Luis', 'Corral', 'Lafuente', '1957-07-12', '0000-00-00', 1, 'corral.jpg', 'Daroca (Zaragoza)', ''),
(1113, 'Luis', 'Goytisolo', '', '1935-00-00', '0000-00-00', 1, 'goytisolo.jpg', 'Barcelona', ''),
(1114, 'Pablo', 'Tusset', '(David Cameo)', '1965-00-00', '0000-00-00', 1, 'tusset.jpg', 'Barcelona', ''),
(1115, 'Lorenzo', 'Silva', 'Amador', '1966-06-07', '0000-00-00', 1, 'silva.jpg', 'Madrid', ''),
(1116, 'Zoé', 'Valdés', '', '1959-05-02', '0000-00-00', 25, 'valdes.jpg', 'La Habana', ''),
(1117, 'Christian', 'Jacq', '', '1947-04-28', '0000-00-00', 14, 'jacq.jpg', 'París', ''),
(1118, 'Henning', 'Mankel', '', '1948-02-03', '2015-10-05', 12, 'mankell.jpg', 'Estocolmo', ''),
(1119, 'Dan', 'Brown', '', '1964-06-21', '0000-00-00', 6, 'brown.jpeg', 'New Hampshire', ''),
(1120, 'Stieg', 'Larsson', '', '1954-08-14', '2004-11-08', 12, 'larsson.JPG', 'Skelleftehamn', ''),
(1121, 'Javier', 'Cercas', 'Mena', '1962-00-00', '0000-00-00', 1, 'cercas.jpg', 'Ibahernando (Cáceres)', ''),
(1122, 'Patrick', 'Süskind', NULL, '1949-03-26', '0000-00-00', 11, 'suskind.jpg', 'Ansbach (Baviera)', ''),
(1123, 'Ryszard', 'Kapuscinski', '', '1932-03-04', '2007-01-22', 17, 'kapuscinski.jpg', 'Pinsk', ''),
(1124, 'Carlos', 'Ruiz', 'Zafón', '1964-09-25', '0000-00-00', 1, 'zafon.jpg', 'Barcelona', ''),
(1125, 'María', 'Dueñas', 'Vinuesa', '1964-00-00', '0000-00-00', 1, 'duenas.jpg', 'Puertollano (Ciudad Real)', ''),
(1126, 'Paolo', 'Giordano', NULL, '1982-00-00', '0000-00-00', 10, 'giordano.jpg', 'Turín', ''),
(1127, 'Luis', 'Martín-Santos', 'Ribera', '1924-11-11', '1964-02-21', 1, 'martinsantos.jpg', 'Larache (Marruecos)', ''),
(1128, 'Roberto', 'Bolaño', 'Ávalos', '1953-04-28', '2003-07-15', 9, 'bolano.jpg', 'Santiago de Chile', ''),
(1129, 'John', 'Kennedy', 'Toole', '1937-12-17', '1969-03-26', 6, 'kennedy.jpg', 'Nueva Orleans (Luisiana)', ''),
(1130, 'Javier', 'Sierra', 'Albert', '1971-08-11', '0000-00-00', 1, 'sierra.jpg', 'Teruel', ''),
(1131, 'Tomás', 'Eloy', 'Martínez', '1934-07-16', '2010-01-30', 21, 'eloy.jpg', 'Tucumán', ''),
(1132, 'Javier', 'Martínez', 'Reverte', '1944-11-29', '0000-00-00', 1, 'javierreverte.jpg', 'Madrid', ''),
(1133, 'Jerome David', 'Salinger', NULL, '1919-01-01', '2010-01-27', 6, 'salinger.jpg', 'Nueva York', ''),
(1134, 'Junot', 'Díaz', '', '1968-12-30', '0000-00-00', 34, 'junot.jpg', 'Santo Domingo', ''),
(1135, 'Clara', 'Sánchez', '', '1955-02-28', '0000-00-00', 1, 'clara.jpg', 'Guadalajara', ''),
(1136, 'Patrick', 'Rothfuss', '', '1973-06-05', '0000-00-00', 6, 'rothfuss.jpg', ' Madison (Wisconsin)', ''),
(1137, 'Alicia', 'Giménez', 'Bartlett', '1951-06-09', '0000-00-00', 1, 'bartlett.jpg', 'Almansa (Albacete)', ''),
(1138, 'Manuel', 'Mújica', 'Láinez', '1910-09-11', '1984-04-21', 21, 'mujica.jpg', 'Buenos Aires', ''),
(1139, 'Leopoldo', 'Abadía', NULL, '1933-09-07', '0000-00-00', 1, 'abadia.jpg', 'Zaragoza', ''),
(1140, 'José', 'Calvo', 'Poyato', '1951-07-23', '0000-00-00', 1, 'calvo.jpg', 'Cabra', ''),
(1141, 'John', 'Boyne', NULL, '1971-04-30', '0000-00-00', 13, 'Boyne.jpg', 'Dublín', ''),
(1142, 'Santiago', 'Roncagliolo', 'Lohmann', '1975-03-29', '0000-00-00', 2, 'roncagliolo.jpg', 'Miraflores (Lima)', ''),
(1143, 'Ricardo Emilio', 'Piglia', 'Renzi', '1941-11-24', '0000-00-00', 21, 'piglia.jpg', 'Adrogué (Buenos Aires)', ''),
(1144, 'Juan Gabriel', 'Vásquez', NULL, '1973-01-01', '0000-00-00', 4, 'vasquez.jpg', 'Bogotá', ''),
(1145, 'Antonio', 'Garrido', 'Molina', '1963-01-01', '0000-00-00', 1, 'antoniogarrido.jpg', 'Linares (Jaén)', ''),
(1146, 'Aravind', 'Adiga', NULL, '1974-11-23', '0000-00-00', 8, 'adiga.jpg', 'Chennai', ''),
(1147, 'Javier Rafael', 'Moro', 'Lapierre', '1955-02-10', '0000-00-00', 1, 'moro.jpg', 'Madrid', ''),
(1148, 'Luis', 'Leante', '', '1963-05-31', '0000-00-00', 1, 'leante.jpg', 'Caravaca de la Cruz (Murcia)', ''),
(1149, 'Alexader Palmer', 'Haley', '', '1921-08-11', '1992-02-10', 6, 'haley.jpg', 'Tennesse', ''),
(1150, 'Emilio', 'Calderón', '', '1959-12-31', '0000-00-00', 1, 'calderon.jpg', 'Málaga', ''),
(1151, 'Dulce', 'Chacón', 'Gutiérrez', '1954-06-02', '2003-12-03', 1, 'chacon.jpg', 'Zafra (Badajoz)', ''),
(1152, 'Fernando', 'Vallejo', 'Redón', '1942-10-24', '0000-00-00', 4, 'fvallejo.jpg', 'Medellín', ''),
(1153, 'Guillermo', 'Saccomanno', NULL, '1948-01-01', '0000-00-00', 21, 'saccomanno.jpg', 'Buenos Aires', ''),
(1154, 'Philip Milton', 'Roth', '', '1933-03-19', '0000-00-00', 6, 'roth.jpg', 'Newark (New Jersey)', ''),
(1155, 'Ángela', 'Vallvey', 'Arévalo', '1963-11-29', '0000-00-00', 1, 'vallvey.jpg', 'San Lorenzo de Calatrava (Ciudad Real)', ''),
(1156, 'Fernando', 'Marías', 'Amondo', '1958-06-13', '0000-00-00', 1, 'fernandomarias.jpg', 'Bilbao', ''),
(1157, 'Don', 'DeLillo', NULL, '1936-11-20', '0000-00-00', 6, 'delillo.jpg', 'Nueva York', ''),
(1158, 'José María', 'Guelbenzu', 'Fernández', '1944-04-14', '0000-00-00', 1, 'guelbenzu.jpg', 'Madrid', ''),
(1159, 'Ian', 'Gibson', '', '1939-04-20', '0000-00-00', 13, 'gibson.jpg', 'Dublín', ''),
(1160, 'Andrés', 'Trapiello', 'García', '1953-06-09', '0000-00-00', 1, 'trapiello.jpg', 'Manzaneda del Torío (León)', ''),
(1161, 'Justin', 'Cronin', '', '1961-11-29', '0000-00-00', 6, 'cronin.jpg', 'Nueva Inglaterra', ''),
(1162, 'Joaquín María', 'Barrero', NULL, '1939-00-00', '0000-00-00', 1, 'barrero.jpg', 'Madrid', ''),
(1163, 'Elena', 'Poniatowska', 'Amor', '1932-05-19', '0000-00-00', 16, 'poniatowska.jpg', 'París (Francia)', ''),
(1164, 'Michael', 'Chabon', '', '1963-05-23', '0000-00-00', 6, 'chabon.jpg', 'Washington D.C', ''),
(1165, 'Mara', 'Torres', 'González', '1974-09-25', '0000-00-00', 1, 'torres.jpg', 'Madrid', ''),
(1166, 'Nicholas', 'Guild', NULL, '1944-00-00', '0000-00-00', 6, 'guild.jpg', 'San Mateo (California)', ''),
(1167, 'Philip', 'Kerr', '', '1956-02-21', '0000-00-00', 26, 'kerr.jpg', 'Edimburgo', ''),
(1168, 'John Maxwell', 'Coetzee', NULL, '1940-02-09', '0000-00-00', 27, 'coetzee.jpg', 'Ciudad del Cabo', ''),
(1169, 'Michel', 'Houellebecq', '', '1958-02-25', '0000-00-00', 14, 'houellebecq.jpg', 'Saint-Pierre (Isla de Reunión)', ''),
(1170, 'Daniel', 'Sánchez', 'Pardos', '1979-01-04', '0000-00-00', 1, 'sanchezpardos.jpg', 'Barcelona', ''),
(1171, 'Dennis', 'Lehane', '', '1965-08-03', '0000-00-00', 6, 'lehane.jpg', 'Dorchester (Boston)', ''),
(1172, 'Alice', 'Munro', '', '1931-07-10', '0000-00-00', 28, 'munro.jpg', 'Wingham (Ontario)', ''),
(1173, 'Joël', 'Dicker', '', '1985-06-15', '0000-00-00', 23, 'joeldicker.jpg', 'Ginebra', ''),
(1174, 'John', 'Banville', '(Banjamin Black)', '1945-12-06', '0000-00-00', 13, 'banville.jpg', 'Wexford', ''),
(1175, 'Andrés', 'Neuman', 'Galán', '1977-01-27', '0000-00-00', 21, 'neuman.jpg', 'Buenos Aires', ''),
(1176, 'Sergio', 'Vila-Sanjuán', '', '1956-11-29', '0000-00-00', 1, 'sanjuan.jpg', 'Barcelona', ''),
(1177, 'Javier', 'Pérez', 'Fernández', '1969-11-29', '0000-00-00', 1, 'javierperez.jpg', 'Zamora', ''),
(1178, 'Antonio', 'Skármeta', 'Vranicic', '1940-11-06', '0000-00-00', 9, 'skarmeta.jpg', 'Antofagasta', ''),
(1179, 'Ian', 'McEwan', '', '1948-06-20', '0000-00-00', 3, 'mcewan.jpg', 'Aldershot (Hampshire)', ''),
(1180, 'Olga', 'Merino', '', '1965-09-30', '0000-00-00', 1, 'olgamerino.jpg', 'Barcelona', ''),
(1181, 'Mika', 'Waltari', '', '1908-09-19', '1979-08-25', 29, 'waltari.jpg', 'Helsinki', ''),
(1182, 'Walter', 'Scott', '(Sir)', '1771-08-14', '1832-09-20', 26, 'WalterScott.jpg', 'Edimburgo', ''),
(1183, 'Josephine', 'Tey', '', '1896-07-24', '1952-02-12', 26, 'tey.jpg', 'Inverness', ''),
(1184, 'Francisco Gerardo', 'Haghenbeck', '', '1964-11-29', '0000-00-00', 16, 'haghenbeck.jpg', 'Ciudad de México', ''),
(1185, 'Patrick', 'Modiano', '', '1945-06-29', '0000-00-00', 14, 'modiano.jpg', 'Boulogne-Billancourt', ''),
(1186, 'Harlan', 'Coben', '', '1962-01-03', '0000-00-00', 6, 'coben.jpg', 'Newark (New Jersey)', ''),
(1187, 'Nikos', 'Kazantzakis', '', '1883-02-17', '1957-10-25', 30, 'kazantzakis.jpg', 'Heraclión', ''),
(1188, 'Khaled', 'Hosseini', '', '1965-03-03', '0000-00-00', 31, 'khaled.jpg', 'Kabul', ''),
(1189, 'Donato', 'Carrisi', '', '1973-03-24', '0000-00-00', 10, 'carrisi.jpg', 'Martina Franca', ''),
(1190, 'Doris', 'Lessing', '', '1919-10-22', '2013-11-16', 32, 'lessing.jpg', 'Kermanshah', ''),
(1191, 'Leonardo', 'Padura', 'Fuentes', '1955-10-08', '0000-00-00', 25, 'padura.jpg', 'La Habana', ''),
(1192, 'Roberto', 'Ampuero', 'Espinoza', '1953-02-19', '0000-00-00', 9, 'ampuero.jpg', 'Valparaíso', ''),
(1193, 'Ignacio', 'Martínez', 'De Pisón', '1959-11-29', '0000-00-00', 1, 'pison.jpg', 'Zaragoza', ''),
(1194, 'Carmen', 'Gurruchaga', 'Basurto', '1955-09-08', '0000-00-00', 1, 'gurruchaga.jpg', 'San Sebastián', ''),
(1195, 'Víctor', 'del Árbol', '', '1967-11-28', '0000-00-00', 1, 'delarbol.jpg', 'Barcelona', 'De familia humilde, es el mayor de seis hermanos; su madre lo dejaba en la biblioteca desde la salida del colegio hasta la hora de cenar al cuidado de sus otros hermanos, para poder acudir a su trabajo de limpiadora; esto alimentó su vocación literaria. Fue seminarista durante cinco años antes de cursar estudios en Historia en la Universidad de Barcelona y trabajó como funcionario de la Generalidad de Cataluña entre los años 1992 y 2012 (policía o mosso d''escuadra). Participó dos años como locutor y colaborador con el programa radiofónico de realidad social Catalunya sense barreres (Radio Estel, ONCE). Como escritor, fue finalista del Premio Fernando Lara en 2008 con El abismo de los sueños (no publicada) y ganó el Premio Tiflos de Novela, organizado por la ONCE, en 2006 con El peso de los muertos. En 2011 publicó La tristeza del samurái (Editorial Alrevés), traducida a una decena de idiomas y best seller en Francia, con traducción de Claude Bleton. Cuenta con numerosos premios, entre ellos, Le Prix du polar Européen 2012 a la mejor novela negra europea que otorga la publicación francesa Le Point en el festival de Novela Negra de Lyon, le Prix QuercyNoir 2013, de Cahors, y el Premio Tormo Negro, otorgado por el Club de novela criminal de la Biblioteca Fermín Caballero, de Cuenca, en 2013.1? La novela transcurre en forma paralela en dos lugares y dos momentos distintos: Extremadura en 1941 y Barcelona en 1981. La relación causal entre ambas tramas, de una magistral complejidad y una siniestra dureza, constituye la sustancia de la historia. En Un millón de gotas (2014) hace un retrato terrible de la Unión Soviética de los años treinta.'),
(1196, 'Nic', 'Pizzolatto', '', '1975-10-17', '0000-00-00', 6, 'pizzolatto.jpg', 'Nueva Orleans', ''),
(1197, 'Adam', 'Johnson', '', '1967-07-11', '0000-00-00', 6, 'adam.jpg', 'South Dakota', ''),
(1198, 'Laura', 'Restrepo', 'Casablanca', '1949-11-29', '0000-00-00', 4, 'restrepo.jpg', 'Bogotá', ''),
(1199, 'Anthony', 'Doerr', '', '1973-10-26', '0000-00-00', 6, 'doerr.jpg', 'Cleveland', ''),
(1200, 'Elmore', 'Leonard', 'Jr.', '1925-10-11', '2013-08-19', 6, 'leonard.jpg', 'Nueva Orleans', 'Fue un escritor y guionista estadounidense.\r\nSus primeras novelas, publicadas en los años cincuenta, fueron novelas del oeste, pero después se especializó en novela policiaca y desde entonces ha escrito numerosos libros, muchos de los cuales han sido adaptados al cine convirtiéndose en exitosas películas de cineastas tan dispares como John Sturges, Quentin Tarantino o Steven Soderbergh, entre muchos otros. En algunos casos el proceso ha sido a la inversa, escribiendo novelas a partir de guiones originales o tratamientos para guiones cinematográficos.\r\nElmore Leonard falleció el 20 de agosto de 2013 en su casa de Detroit, a los 87 años de edad.'),
(1201, 'Hernán', 'Rivera', 'Letelier', '1950-07-10', NULL, 9, 'letelier.jpg', 'Talca', 'Pasó su infancia en la pampa, yendo de una oficina salitrera a otra, aunque volvió a Talca para realizar sus estudios secundarios; una vez finalizados trabajó en María Elena y Pedro de Valdivia como obrero. \r\nEn un principio cultivó la poesía, género en el que logró algunas distinciones. Como cuentista también tuvo cierta notoriedad. En su narrativa recrea la vida en la pampa salitrera, especialmente en las oficinas del interior de Antofagasta y de Tocopilla. En sus novelas aparecen los obreros pampinos, sus amores, la vida en los prostíbulos iquiqueños de comienzos del siglo XX, las bandas de música, todo en el tono nostálgico y luminoso del paisaje nortino, en medio del desierto de Atacama.\r\nSu prosa se caracteriza por su fuerza y originalidad expresiva, logrando credibilidad en sus personajes vívidos y en sus atmósferas. Sus obras más notables son Los trenes se van al purgatorio, Fatamorgana de amor con banda de música, Himno del ángel parado en una pata y La reina Isabel cantaba rancheras, que obtuvo un notable éxito en su versión teatral a mediados de la década de 1990.\r\nEsta última obra fue distinguida en 1994 con el Premio de Novela del Consejo Nacional del Libro y la Lectura, galardón que le fue concedido de nuevo en 1996 con Himno del ángel parado en una pata.'),
(1202, 'Ignacio', 'del Valle', '', '1970-12-31', NULL, 1, 'delvalle.jpg', 'Oviedo', 'Ha publicado hasta 2017 diez novelas y un libro de cuentos. Este último se titula Caminando sobre las aguas (2013), y las anteriores novelas, Índigo mar (2017), Los días sin ayer (2016), Soles negros (2016), Busca mi rostro (2012), y Los demonios de Berlín (2009), que es la continuación de El tiempo de los emperadores extraños (2006), llevada al cine en enero de 2012 como Silencio en la nieve. Fue dirigida por Gerardo Herrero, y tuvo como protagonistas a Juan Diego Botto y Carmelo Gómez.\r\nDel Valle ha recibido numerosos premios como el Buenos Aires Negro, el premio Violeta Negra del festival de Toulouse o el premio de la Crítica de Asturias. Su obra ha sido traducida a varios idiomas. Mantiene columnas de opinión en el diario El Comercio de Gijón y colabora con El Viajero de El País y diversos medios. También imparte conferencias y talleres.\r\nDe 2012 a 2015 ocupó el cargo de subdirector y coordinador para Europa de la fundación cultural Mare Australe de Panamá.\r\nEn 2016 fue publicando la novela por entregas Los días sin ayer en El País Semanal con ilustraciones de Miguel Navia.2?\r\nDesde 2010 dirige la sección cultural Afinando los sentidos en Onda Cero Radio.'),
(1203, 'Aldous', 'Huxley', '', '1894-07-26', '1963-11-22', 3, 'huxley.jpg', 'Godalming (Surrey)', ''),
(1204, 'Paul', 'Auster', '', '1947-02-03', NULL, 6, 'auster.jpg', 'Newark (Nueva Jersey)', ''),
(1205, 'Ian James', 'Rankin', '', '1960-04-18', NULL, 26, 'rankin.jpg', 'Cardenden (Fife)', ''),
(1206, 'Rafael', 'Bernal', 'y García Pimentel', '1915-06-28', '1972-09-17', 16, 'bernal.jpg', 'Ciudad de México', ''),
(1207, 'Henry Charles', 'Bukowski', '', '1920-08-16', '1994-03-09', 6, 'bukowski.jpg', 'Andernach (Alemania)', ''),
(1208, 'Pierre', 'Lemaitre', '', '1951-04-19', NULL, 14, 'lemaitre.jpg', 'París', ''),
(1209, 'Daniel', 'Chavarría', 'Bastélica', '1933-11-23', NULL, 25, 'chavarria.jpg', 'San José de Mayo (Uruguay)', ''),
(1210, 'Andrés', 'Pérez', 'Domínguez', '1968-12-31', NULL, 1, 'andresperez.jpg', 'Sevilla', 'Autor español, Andrés Pérez Domínguez es conocido para el gran público gracias a su dedicación a la literatura, donde ha destacado tanto en el género policiaco como en el histórico. Además de una notable producción dedicada a la narrativa breve habría que destacar su obra novelística.\r\nSe inició con el relato, como muchos otros escritores, logrando en 2001 el Premio Internacional de Cuentos Max Aub y publicando la antología Estado provisional. A partir de ahí su carrera ha estado llena de galardones, como el Luis Berenguer, el Ateneo de Sevilla o La espiga dorada.\r\nDe entre su obra habría que destacar algunos títulos tan conocidos como El síndrome de Mowgli, El violinista de Mauthausen, El factor Einstein, El centro de la Tierra o Los perros siempre ladran al anochecer.'),
(1211, 'Juan Ramón', 'Biedma', '', '1962-01-01', NULL, 1, 'biedma.jpg', 'Sevilla', 'Escritor y guionista español, Juan Ramón Biedma es un premiado autor de novela negra y de misterio. Biedma estudió derecho, dedicándese posteriormente a la gestión de emergencias, una labor que ha sabido compaginar a la perfección con su pasión por el mundo de la literatura, la música y el cine, siendo colaborador de numerosas revistas culturales.\r\nCon su primera obra, El manuscrito de Dios (2004), logró un primer reconocimiento en la Semana Negra de Gijón. Sin embargo, es con El imán y la brújula (2007), Premio Novelpol y Premio Hammet, con el que logró dar el salto al gran público y convertirse un éxito de ventas.\r\nDesde entonces, Biedma ha publicadao varias novelas moviéndose entre géneros, primando el negro y el histórico, con ocasionales guiños al terror, destacando títulos como El humo en la botella o Tus magníficos ojos vengativos cuando todo ha pasado. '),
(1212, 'Jorge', 'Franco', 'Ramos', '1962-02-21', NULL, 4, 'franco.jpg', 'Medellín', 'Jorge Franco Ramos nació en Medellín, Colombia, en 1972. Estudió Literatura en la Pontificia Universidad Javeriana y realización de cine en la London International Film School. Fue miembro del Taller Literario de la Biblioteca Pública de Medellín que dirigió Manuel Mejía Vallejo\r\n\r\nEn 1996, el relato Viaje Gratis fue finalista del VII concurso de historias cortas Carlos Castro Saavedra y ese mismo año ganó el premio nacional de narrativa Pedro Gómez Valderrama, con su colección de historias tituladas Maldito Amor. En 1997 con su novela Mala Noche ganó el Premio nacional de novela de la ciudad de Pereira. Rosario Tijeras (1999), además de haber ganado el prestigioso premio Español Dashiel Hammet en el 2001 fue llevada al cine,  pero su obra más conocida es Paraíso Travel (2001).En 2014 ganó el Premio Alfaguara de Novela por su obra El mundo de afuera.'),
(1213, 'Carlos', 'Zanón', '', '1966-04-30', NULL, 1, 'zanon.jpg', 'Barcelona', 'Autor español, Carlos Zanón es conocido principalmente por sus novelas enmarcadas dentro del género negro, aunque también ha practicado la poesía y el ensayo crítico.\r\nZanón estudió Derecho, profesión que ha ejercido durante años, e inició su carrera literaria consiguiendo premios de poesía como el Ciudad de Irún. Interesado por el mundo del cine, escribió varios guiones de cortometraje antes de probar suerte dentro de la música dentro del grupo Alicia Golpea. Zanón ha colaborado con revistas como Ajoblanco o el diario Avui como crítico literario y ha publicado varios libros de ensayo sobre la historia de la música.\r\nEn los últimos años ha publicado poesía, siendo ganador del Ciudad de Valencia, y novela negra, género con el que ha logrado un gran éxito dentro de la escena de las letras españolas. Gracias a títulos como No llames a casa, Yo fui Johnny Thunders o Tarde, mal y nunca, Zanón ha sido traducido a varios idiomas y ha ganado premios como el Valencia Negra, el Silverio Cañada o el Brigada 21. '),
(1214, 'Nicolai', 'Lilin', '', '1980-02-11', NULL, 15, 'lilin.jpg', 'Bender', 'Lilin es su seudónimo de escritor, elegido en homenaje a la madre del autor, Lilia. Su verdadero nombre, reportado en el padrón italiano, es Nicolai Verjbitkii.1? La transcripción correcta del nombre sería, como reporta en una nota de su novela Educación Siberiana, Nikolaj, en cambio decidió optar por una italianización coincidente con aquella registrada en el padrón italiano.\r\nSegún ha contado él mismo, sus antepasados pertenecían a una gran familia siberiana de exploradores, proscritos, cazadores y mercantes, que tenía orígenes rusos, polacos, hebreos y alemanes. Siempre según él, después la revolución comunista del 1917 gran parte de su familia fue asesinada por los militares de la armada roja, dado que algunos estaban acusados de bandidaje. Nicolai recibió el nombre de uno de sus tatarabuelos, que murió fusilado en frente de sus familiares. Para huir de las persecuciones, los demás miembros de la familia se mudaron a la actual Transnistria.\r\nSegún declaro en una entrevista, Lilin habría vivido el bautismo de la guerra a los 12 años, durante la guerra civil que estalló en el 1992 entre Moldavia y Transnistria, autoproclamada independiente.2? Este acontecimiento, junto con el de crecer en un barrio periférico considerado difícil, debido a la alta concentración de criminalidad, le forzaron a asumir una actitud violenta, aunque él mismo nunca se ha definido como tal. Después del conflicto, en su ciudad se aplicó una ley militar que durante los siguientes años se reveló en forma de brutal represión.\r\nNicolai era muy cercano con los ancianos de la su comunidad, en particular con su abuelo paternal Boris, el hombre que deja su huella en algunos de los personajes más carismáticos de sus novelas. El abuelo Boris, que era de una organización criminal antigua, transmitió a su nieto las historias sobre los Urka, una casta criminal de la época zarista descrita por Nicolai en sus novelas como un pueblo de rebeldes. Pasando tanto tiempo con los ancianos, aprendió de sus enseñanzas, y luego las plasmo en las novelas, los valores de los "criminales honestos", presuntos proscritos cuya acción estaba formada por una ética, según un rígido código moral con el cual oponerse a la opresión de lo que juzgaban como el poder corrupto.3?\r\nSegún él mismo ha declarado, a la edad de dieciocho años prestó servicio militar en Chechenia, en las estructuras antiterroristas. Más tarde trabajo durante varios años en empresas de seguridad privada como consultor de antiterrorismo, en varias zonas de guerra, como Afganistán e Irak.4?5? A los 24 años embarcó como marinero en Irlanda.5?\r\nEn el 2004 se mudó a Italia. A Piemonte primero, entre Turín y Cuña, más tarde en 2010 a Milán.2?\r\nAdemás de dedicarse a la escritura de novelas, ha fundado un proyecto cultural en Milán llamado Kolima Contemporary Culture, y un laboratorio de diseño y tatuajes en Solesino (en la provincia de Padua) llamado Marchiaturificio.6? Escribe para L''Espresso, XL di Republicca y para otras revistas, además colabora con diversos artistas. Tiene un curso de escritura creativa en el IED (Institución Europea de Diseño) de Milán, colabora con la firma de ropa Happines y diseña cuchillos. Colabora también con Tadpoles Tactics - USS The University of Strategic Shooting para la realización de material didáctico einformativo.'),
(1215, 'David', 'Llorente', 'Oller', '1983-03-07', NULL, 1, 'llorente.jpg', 'Madrid', 'David Llorente Oller creció en el barrio madrileño de Carabanchel. Publicó su primera novela, Kira, que fue galardonada con el II Premio Francisco Umbral de Novela Corta, en 1998, mientras cursaba sus estudios de Filología Hispánica en la Universidad Complutense de Madrid.\r\nSu segunda novela, El bufón, obtuvo en el año 2000 el premio Ramón J. Sender de Narrativa.\r\nEn el año 2002 se trasladó a residir a la República Checa para trabajar como profesor de Lengua y Literatura española en el centro bilingüe Gymnázium Bud?jovická de Praga, donde continúa impartiendo clases actualmente.\r\nSu experiencia en la capital checa queda reflejada en su tercera novela, Ofrezco morir en Praga, publicada en 2008.\r\nSu cuarta novela, ya en formato bilingüe español-checo, se titula De la mano del hermano muerto / Ruku v ruce s mrtvým bratrem y fue publicada en el año 2011.\r\nTe quiero porque me das de comer, su quinta novela, fue seleccionada por el diario ABC como una de las mejores novelas del año 2014 2? y premiada en la Semana Negra de Gijón de 2015.3? Se trata de una novela negra, con la que Llorente solo pretendía escribir un cuento sobre Carabanchel y tejió una narración alrededor de una asesino en serie, con una arriesgada estructura narrativa, en la que circulan una gran cantidad de personajes con su capacidad de sufrir o de generar sufrimiento.\r\nColabora regularmente con la revista Fiat Lux, dedicada al género negro. Sus relatos, extraídos de la novela Te quiero porque me das de comer, se publicaron con ilustraciones de Miguel Navia.\r\nDavid dirige, desde su llegada a Praga, un grupo de teatro en español, que cada año representa una obra escrita por él mismo. Una parte de su producción teatral está recopilada en el libro Los árboles dormidos, publicado en 2009.\r\nAdemás, trabaja ocasionalmente como traductor del checo al español.'),
(1216, 'Alexis', 'Ravelo', 'Betancor', '1970-12-31', NULL, 1, 'ravelo.jpg', 'Las Palmas de Gran Canaria', 'De procedencia humilde, trabajó como camarero en su adolescencia y juventud. Su formación es autodidacta. Inició estudios de Filosofía en la UNED. Fue alumno en talleres de narrativa impartidos por Sebastian Quezada, Augusto Monterroso y Alfredo Bryce Echenique.\r\nEs confundador de la revista literaria La Plazuela de las letras y creador del espacio de divulgación cultural Matasombras, junto con Antonio Becerra Bolaños, en Las Palmas de Gran Canaria.\r\nHa escrito espectáculos teatrales y guiones para programas infantiles de televisión. En 2006 ingresó en la Asociación Canaria de Escritores, que abandonó a finales de 2008 por divergencias con la junta directiva.\r\nImparte talleres literarios en diversos foros y academias, como La máquina del cuento, Factoría de Ficciones? y Vidas cruzadas.\r\nDesde 2013 escribe una columna de opinión en el periódico digital Canarias ahora.'),
(1217, 'David', 'Torres', 'Ruiz', '1966-12-07', NULL, 1, 'dtorres.jpg', 'Madrid', 'Licenciado en Filología Hispánica por la Universidad Autónoma de Madrid, ganó su primer premio en 1999 (con Nanga Parbat) tras publicar diversos relatos y poemas en las revistas Cartographica, Poeta de Cabra y Ariadna. La novela se convertiría en el título más traducido de Ediciones Desnivel, contando con versiones en francés, polaco e italiano. Cinco días después del premio Desnivel, Torres conseguía también el SIAL de Narrativa con el relato Donde no irán los navegantes.\r\nAl año siguiente y en la misma editorial sale Los huesos de Mallory, escrita en colaboración con Rafael Conde, apasionante biografía del escalador desaparecido junto con el británico Andrew Irvine en el intento al Everest de 1924, que fue muy bien recibido por la crítica.\r\nLa novela El mar en ruinas (2005) donde revisita el mito homérico de Odiseo, cosechó algunos encendidos elogios —"Una de las pocas novelas que han logrado arrebatarme el sueño" (Luis Alberto de Cuenca, ABC); "una vigorosa novela que prosigue, con conocimiento fiel de la tradición pero también con imaginativa rebeldía e innovación, la inacabable peripecia del héroe homérico" (Fernando Savater, El País)—, los cuales, sin embargo, no fueron unánimes. Así, Ángel Basanta, de El Cultural, escribió que "la estrategia narrativa no acaba de completarse de forma convincente"; para este crítico, "lo mejor de la novela está en su tono y estilo por su acertada combinación de gravedad, humor y desmitificación".\r\nRobando tiempo a la muerte (2006), libro escrito junto a Sebastián Álvaro, director de Al filo de lo imposible, pretendía, según sus autores, "analizar, desde la perspectiva de una dilatada experiencia de más de dos décadas, los motivos y razones que nos lanzaron a abrazar esta actividad (de aventureros profesionales) intentando transmitir, a través de más de 100 aventuras en todo el planeta, los intensos sentimientos que nos provoca".\r\nLa sangre y el ámbar, publicado el mismo año, narra un viaje a Polonia realizado con el pretexto de entrevistar a Stanislaw Lem y que se convierte en un periplo por el país de los grandes acontecimientos históricos y las grandes barbaries.\r\nAdemás de novelas y libros de viaje, Torres ha publicado recopilaciones de relatos, como Donde no irán los navegantes (1999) o Cuidado con el perro (2002) e incluso un poemario, Londres (2003).\r\nDe la novela Punto de fisión (2011), el citado Basanta ha desatacado "la riqueza semántica encerrada en sus múltiples aspectos temáticos, la variedad de asuntos entrelazados en su laberinto de historias, y la diversidad y versatilidad de modelos narrativos empleados".\r\nEn 2004 se convirtió en columnista de El Mundo y desde julio de 2012 tiene el blog de opinión Punto de Fisión en el diario Público.\r\nHa trabajado como guionista del programa de televisión de TVE-2 Al filo de lo imposible y como colaborador habitual de las revistas literarias Ariadna, Anónima y La Bolsa de Pipas.\r\nSus obras han recibido diversos premios, entre los que destaca el Hammett, y han sido traducidas a varios idiomas.\r\nReside en Madrid y es profesor del centro de estudios literarios Hotel Kafka.'),
(1218, 'Dolores', 'Redondo', 'Meira', '1968-12-31', NULL, 1, 'redondo.jpg', 'San Sebastián', 'Empezó a estudiar la carrera de Derecho en la Universidad de Deusto, aunque no la acabó. Estudió Restauración en San Sebastián y trabajó en varios restaurantes y tuvo uno propio, antes de dedicarse profesionalmente a la literatura. Reside en la localidad de la Ribera Navarra de Cintruénigo desde el año 2006.\r\nComenzó en la literatura escribiendo relatos cortos y cuentos infantiles. En 2009 publicó su primera novela, Los privilegios del ángel y en enero de 2013 publicó El guardián invisible, primer volumen de la Trilogía del Baztán, seguido en noviembre del mismo año por la segunda parte titulada "Legado en los huesos", y terminada en noviembre de 2014 con "Ofrenda a la tormenta". La trilogía ha conseguido vender más de 700.000 copias y ha sido traducida a más de 15 idiomas.\r\nEl productor alemán Peter Nadermann, responsable de las películas de la Saga Millennium de Stieg Larsson, adquirió los derechos para su adaptación al cine casi inmediatamente después de publicarse la primera novela. En 2017 se estrenó la película El guardián invisible, basada en la primera de las novelas de la trilogía, dirigida por Fernando González Molina.\r\nEs ganadora del Premio Planeta 2016 por el manuscrito de Todo esto te daré, presentado a concurso bajo el seudónimo de Jim Hawkins y bajo el título falso de Sol de Tebas.'),
(1219, 'José María', 'Requena', 'Barrera', '1925-04-18', '1998-07-13', 1, 'requena.jpg', 'Sevilla', ''),
(1220, 'Fernando', 'Aramburu', 'Irigoyen', '1958-12-31', NULL, 1, 'aramburu.jpg', 'San Sebastián', 'Licenciado en Filología Hispánica por la Universidad de Zaragoza (1982). Participó en San Sebastián, su ciudad natal, en la fundación del Grupo CLOC de Arte y Desarte, que entre 1978 y 1981 editó una revista e intervino en la vida cultural del País Vasco, Navarra y Madrid con propuestas de índole surrealista y acciones de todo tipo caracterizadas por una mezcla particular de poesía, contracultura y sentido del humor.\r\nDesde 1985 reside en Alemania, donde ha impartido clases de lengua española a descendientes de emigrantes. En 2009 abandonó la docencia para dedicarse exclusivamente a la creación literaria.\r\nEn 1996 publicó Fuegos con limón, novela basada en sus experiencias juveniles con el Grupo CLOC.\r\nGanó el Premio Tusquets de Novela en 2011 por Años lentos. Sus libros han sido traducidos a diversos idiomas. Colabora con frecuencia en la prensa española. En 2016, publicó la novela Patria, que supuso un éxito de crítica y público y por el que obtuvo en 2017, el Premio de la Crítica y el premio Francisco Umbral al Libro del Año.'),
(1221, 'Alfonso', 'Mateo', 'Sagasta', '1959-12-30', NULL, 1, 'mateo.jpg', 'Madrid', 'Estudió Geografía e Historia por la Universidad Autónoma de Madrid, trabajando como arqueólogo en varios yacimientos medievales antes de fundar la librería Tipo, especializada, precisamente, en arqueología y antropología.\r\nEn 2002 publicó su primera novela, El olor de las especias, y a partir de ahí Mateo-Sagasta ha desarrollado una notable carrera, siendo ganador de premios como Ciudad de Zaragoza, el Caja Granada o el Espartaco de la Semana Negra.\r\nSus obras pertenecen al género de la novela histórica de ficción, con una narrativa minuciosa y realista, y con tramas en las que en ocasiones aparece la intriga. De entre su obra más reciente habría que destacar Las caras del tigre, El gabinete de las maravillas o El reino de los hombres sin amor.'),
(1222, 'Marcelo', 'Luján', '', '1973-06-09', NULL, 21, 'mlujan.jpg', 'Buenos Aires', 'A principios de 2001 se radicó en Madrid, donde trabaja como coordinador de actividades culturales y talleres de creación literaria. Publicó los libros de cuentos Flores para Irene (Premio Santa Cruz de Tenerife 2003), En algún cielo (Premio Ciudad de Alcalá de Narrativa 2006), y El desvío (Premio Kutxa Ciudad de San Sebastián 2007). Los libros de prosa poética Arder en el invierno y Pequeños pies ingleses. Y las novelas La mala espera (Premio Ciudad de Getafe de Novela Negra 2009), Moravia, y Subsuelo (Premio Dashiell Hammett 2016, entre otros). Parte de su obra fue seleccionada en campañas de fomento a la lectura y traducida al francés, italiano, alemán, inglés y checo.'),
(1223, 'Philippe', 'Claudel', '', '1962-02-02', NULL, 14, 'claudel.jpg', 'Nancy', 'Ha sido docente y guionista de cine y televisión. Durante su época de maestro dio clases en liceos y en la Universidad de Nancy II, donde fue profesor de Antropología Cultural y Literatura. En su tiempo libre también impartió clases a niños discapacitados y a presos.\r\nGran admirador de Simenon, Jean Giono de la posguerra, publicó su primer libro, Meuse l''oubli, cuando tenía treinta y siete años. Sus novelas y libros de relatos han sido galardonados en varias ocasiones: la novela J''abandonne recibió el premio Francia Televisión 2000, el libro de relatos Petites mécaniques obtuvo el premio Goncourt de Novela 2003; Almas grises, su quinta novela, fue galardonada con el prestigioso premio Renaudot, también en 2003, y El informe de Brodeck fue premio Goncourt de los Estudiantes 2007.\r\nEn 2008 fue director y guionista de la película Il y a longtemps que je t''aime (Hace mucho que te quiero) que consiguió, entre otros premios, el César a la mejor ópera prima.1? Su segundo filme, de 2011, lleva por título Tous les soleils (Silencio de amor).\r\n\r\n'),
(1224, 'Steve', 'Hamilton', '', '1961-01-01', NULL, 6, 'hamilton.jpg', 'Detroit', 'Steve Hamilton is one of the most acclaimed mystery writers in the world, and one of only two authors (along with Ross Thomas) to win Edgars for both Best First Novel and Best Novel. His Alex McKnight series includes two New York Times notable books, and he’s put two recent titles on the New York Times bestseller list. He’s either won or received multiple nominations for virtually every other crime fiction award in the business, from the Private Eye Writers of America Shamus Award to the Anthony to the Barry to the Gumshoe. But it was his standalone The Lock Artist that made publishing history, his first book to win an Edgar for Best Novel, a CWA Steel Dagger for Best Thriller in the UK, and an Alex Award – which is given out by the American Library Association to those books that successfully cross over from the adult market and appeal to young adult readers. The Lock Artist has been translated into seventeen different languages, and was an especially strong seller in Japan, where it was voted the number one translated crime novel of 2012 by both the annual Kono Mystery Ga Sugoi guide and by Weekly Bunshun magazine.\r\nHamilton’s very first book, A Cold Day in Paradise, won the Private Eye Writers of America/St. Martin’s Press Award for Best First Mystery by an Unpublished Writer. After it was published, the novel went on to win the Mystery Writers of America Edgar Award for Best First Novel and the Private Eye Writers of America Shamus Award for Best First Novel, the only first novel to win both awards. That book introduced Alex McKnight, an ex-cop now making a living renting cabins in the small town of Paradise in Michigan’s isolated Upper Peninsula, who becomes a reluctant private detective.\r\nHamilton’s second Alex McKnight novel, Winter of the Wolf Moon, was named one of the year’s Notable Books by The New York Times Book Review and received a starred review from Publishers Weekly, as did his next three novels, The Hunting Wind, North of Nowhere and Blood is the Sky (which won the 2004 Gumshoe Award). As of 2015 there are ten books in the Alex McKnight series.\r\nNight Work is a departure from the Alex McKnight series, featuring instead a probation officer in upstate New York. Night Work was nominated for the Crime Writers’ Association top award, The Duncan Lawrie Dagger.\r\nIn 2006, Hamilton won the Michigan Author Award for his body of work.\r\nHamilton lives in upstate New York with his wife Julia and their two children Nicholas G. and Antonia.');

-- --------------------------------------------------------

--
-- Table structure for table `autor_libro`
--

CREATE TABLE `autor_libro` (
  `cod_autor` int(3) NOT NULL DEFAULT '0',
  `cod_libro` int(4) NOT NULL DEFAULT '0'
) ENGINE=InnoDB DEFAULT CHARSET=latin1;

--
-- Dumping data for table `autor_libro`
--

INSERT INTO `autor_libro` (`cod_autor`, `cod_libro`) VALUES
(1000, 1019),
(1001, 1038),
(1001, 1062),
(1001, 1098),
(1002, 1020),
(1003, 1034),
(1003, 1168),
(1003, 1213),
(1003, 1248),
(1004, 1028),
(1004, 1032),
(1005, 1033),
(1005, 1036),
(1006, 1031),
(1006, 1191),
(1007, 1030),
(1008, 1029),
(1008, 1048),
(1008, 1065),
(1008, 1084),
(1008, 1085),
(1008, 1086),
(1008, 1125),
(1008, 1143),
(1008, 1158),
(1008, 1169),
(1008, 1170),
(1008, 1264),
(1009, 1027),
(1010, 1026),
(1010, 1035),
(1011, 1025),
(1012, 1024),
(1013, 1023),
(1014, 1022),
(1015, 1021),
(1015, 1046),
(1015, 1156),
(1015, 1189),
(1015, 1190),
(1016, 1044),
(1016, 1214),
(1017, 1018),
(1017, 1037),
(1017, 1043),
(1017, 1068),
(1017, 1070),
(1017, 1080),
(1017, 1147),
(1017, 1311),
(1017, 1341),
(1018, 1042),
(1019, 1041),
(1019, 1171),
(1020, 1040),
(1020, 1073),
(1020, 1074),
(1020, 1181),
(1020, 1182),
(1021, 1039),
(1022, 1052),
(1022, 1056),
(1023, 1053),
(1024, 1045),
(1024, 1054),
(1024, 1131),
(1025, 1055),
(1025, 1067),
(1025, 1130),
(1025, 1149),
(1026, 1057),
(1026, 1166),
(1027, 1058),
(1028, 1060),
(1029, 1061),
(1029, 1129),
(1029, 1134),
(1029, 1245),
(1030, 1064),
(1031, 1063),
(1032, 1017),
(1033, 1088),
(1033, 1089),
(1033, 1090),
(1033, 1146),
(1033, 1187),
(1033, 1188),
(1033, 1271),
(1033, 1313),
(1034, 1114),
(1034, 1115),
(1034, 1116),
(1034, 1117),
(1034, 1118),
(1034, 1150),
(1036, 1114),
(1036, 1115),
(1036, 1116),
(1036, 1117),
(1037, 1069),
(1037, 1071),
(1038, 1009),
(1039, 1008),
(1039, 1100),
(1040, 1007),
(1041, 1006),
(1042, 1005),
(1042, 1165),
(1043, 1004),
(1044, 1003),
(1045, 1002),
(1046, 1001),
(1047, 1016),
(1047, 1238),
(1048, 1015),
(1049, 1014),
(1050, 1013),
(1051, 1012),
(1051, 1338),
(1052, 1011),
(1053, 1010),
(1054, 1066),
(1055, 1102),
(1056, 1075),
(1057, 1047),
(1057, 1049),
(1058, 1105),
(1058, 1106),
(1058, 1107),
(1058, 1192),
(1059, 1050),
(1060, 1110),
(1061, 1112),
(1062, 1260),
(1063, 1087),
(1064, 1235),
(1064, 1236),
(1065, 1103),
(1066, 1099),
(1066, 1262),
(1066, 1327),
(1067, 1082),
(1068, 1108),
(1069, 1113),
(1070, 1081),
(1071, 1091),
(1072, 1097),
(1073, 1101),
(1074, 1059),
(1075, 1051),
(1076, 1092),
(1076, 1093),
(1076, 1094),
(1076, 1095),
(1077, 1077),
(1078, 1111),
(1078, 1119),
(1079, 1072),
(1080, 1076),
(1080, 1231),
(1081, 1096),
(1082, 1083),
(1083, 1079),
(1084, 1078),
(1085, 1104),
(1086, 1109),
(1086, 1161),
(1087, 1120),
(1088, 1122),
(1089, 1124),
(1090, 1121),
(1091, 1123),
(1092, 1126),
(1093, 1127),
(1094, 1128),
(1095, 1133),
(1095, 1312),
(1096, 1132),
(1097, 1135),
(1098, 1136),
(1099, 1137),
(1100, 1138),
(1101, 1140),
(1102, 1141),
(1103, 1142),
(1104, 1139),
(1105, 1144),
(1106, 1145),
(1107, 1148),
(1108, 1151),
(1108, 1234),
(1109, 1153),
(1110, 1152),
(1111, 1154),
(1112, 1155),
(1112, 1157),
(1112, 1196),
(1112, 1197),
(1113, 1159),
(1114, 1160),
(1115, 1162),
(1115, 1183),
(1115, 1184),
(1115, 1185),
(1115, 1265),
(1115, 1337),
(1116, 1163),
(1116, 1164),
(1117, 1167),
(1118, 1172),
(1118, 1173),
(1118, 1174),
(1118, 1175),
(1119, 1180),
(1120, 1176),
(1120, 1177),
(1120, 1178),
(1121, 1179),
(1121, 1256),
(1122, 1186),
(1123, 1193),
(1123, 1314),
(1124, 1194),
(1124, 1195),
(1125, 1198),
(1126, 1199),
(1127, 1200),
(1128, 1201),
(1129, 1202),
(1130, 1203),
(1130, 1284),
(1131, 1204),
(1132, 1205),
(1132, 1227),
(1132, 1281),
(1133, 1206),
(1134, 1207),
(1135, 1208),
(1135, 1289),
(1136, 1209),
(1137, 1210),
(1137, 1225),
(1138, 1211),
(1139, 1212),
(1140, 1215),
(1141, 1216),
(1142, 1217),
(1142, 1334),
(1142, 1342),
(1143, 1218),
(1143, 1323),
(1144, 1219),
(1145, 1220),
(1145, 1254),
(1145, 1300),
(1146, 1221),
(1146, 1328),
(1147, 1222),
(1148, 1223),
(1149, 1224),
(1150, 1226),
(1150, 1294),
(1151, 1228),
(1152, 1229),
(1153, 1230),
(1154, 1232),
(1155, 1233),
(1156, 1237),
(1157, 1239),
(1158, 1240),
(1159, 1241),
(1160, 1242),
(1161, 1243),
(1162, 1244),
(1162, 1249),
(1163, 1246),
(1164, 1247),
(1165, 1250),
(1166, 1251),
(1167, 1252),
(1167, 1253),
(1167, 1285),
(1167, 1315),
(1168, 1255),
(1169, 1258),
(1169, 1259),
(1170, 1266),
(1171, 1270),
(1172, 1257),
(1173, 1263),
(1174, 1261),
(1175, 1272),
(1176, 1267),
(1177, 1268),
(1178, 1269),
(1179, 1273),
(1180, 1274),
(1181, 1275),
(1182, 1276),
(1183, 1277),
(1184, 1278),
(1185, 1279),
(1185, 1309),
(1186, 1280),
(1187, 1282),
(1188, 1283),
(1189, 1286),
(1189, 1287),
(1190, 1288),
(1191, 1290),
(1191, 1291),
(1191, 1293),
(1191, 1302),
(1192, 1292),
(1193, 1295),
(1194, 1296),
(1195, 1297),
(1195, 1335),
(1196, 1298),
(1197, 1299),
(1198, 1301),
(1199, 1303),
(1200, 1304),
(1201, 1305),
(1202, 1306),
(1202, 1307),
(1202, 1308),
(1203, 1310),
(1204, 1316),
(1205, 1317),
(1206, 1318),
(1207, 1319),
(1208, 1320),
(1209, 1321),
(1210, 1322),
(1211, 1324),
(1212, 1325),
(1213, 1326),
(1214, 1329),
(1215, 1330),
(1216, 1331),
(1217, 1332),
(1218, 1333),
(1219, 1336),
(1220, 1339),
(1221, 1340),
(1222, 1343),
(1223, 1344),
(1224, 1345);

-- --------------------------------------------------------

--
-- Table structure for table `autor_premio`
--

CREATE TABLE `autor_premio` (
  `cod_autor` int(3) NOT NULL DEFAULT '0',
  `cod_premio` int(3) NOT NULL DEFAULT '0',
  `anio` int(4) NOT NULL DEFAULT '0'
) ENGINE=InnoDB DEFAULT CHARSET=latin1;

--
-- Dumping data for table `autor_premio`
--

INSERT INTO `autor_premio` (`cod_autor`, `cod_premio`, `anio`) VALUES
(1005, 5, 2013),
(1005, 21, 2013),
(1006, 26, 2001),
(1008, 1, 2010),
(1008, 3, 1994),
(1008, 5, 1986),
(1008, 6, 1988),
(1008, 7, 1967),
(1008, 21, 1995),
(1013, 1, 1998),
(1015, 26, 1992),
(1016, 14, 1996),
(1017, 1, 1982),
(1019, 14, 2008),
(1020, 7, 2010),
(1020, 131, 2003),
(1022, 7, 1990),
(1024, 1, 1989),
(1024, 3, 1993),
(1024, 5, 1987),
(1025, 131, 2008),
(1032, 1, 1999),
(1032, 5, 1999),
(1033, 3, 2016),
(1040, 3, 2008),
(1041, 21, 1997),
(1047, 3, 1985),
(1047, 5, 1982),
(1059, 3, 2010),
(1061, 1, 1957),
(1062, 1, 1946),
(1064, 26, 2002),
(1065, 26, 1991),
(1067, 1, 1954),
(1076, 3, 1993),
(1076, 5, 1982),
(1079, 3, 1979),
(1079, 21, 1971),
(1080, 21, 1981),
(1080, 26, 1988),
(1084, 5, 1983),
(1084, 7, 1970),
(1095, 7, 2007),
(1095, 21, 1985),
(1095, 22, 1982),
(1118, 26, 2013),
(1121, 14, 2010),
(1123, 5, 2003),
(1137, 26, 2008),
(1143, 131, 2005),
(1154, 5, 2012),
(1157, 21, 1999),
(1163, 3, 2013),
(1168, 1, 2003),
(1168, 21, 1987),
(1172, 1, 2013),
(1174, 5, 2014),
(1178, 7, 2014),
(1179, 21, 2011),
(1185, 1, 2014),
(1190, 1, 2007),
(1190, 5, 2001),
(1191, 5, 2015),
(1191, 7, 2012),
(1191, 26, 2009),
(1204, 5, 2006);

-- --------------------------------------------------------

--
-- Table structure for table `libros`
--

CREATE TABLE `libros` (
  `cod_libro` int(4) NOT NULL DEFAULT '0',
  `nom_libro` char(100) DEFAULT NULL,
  `ano` int(4) UNSIGNED DEFAULT '0',
  `portada` char(20) NOT NULL DEFAULT '',
  `nom_archivo` varchar(60) NOT NULL,
  `pelicula` varchar(30) DEFAULT NULL,
  `comentario` mediumtext
) ENGINE=InnoDB DEFAULT CHARSET=latin1;

--
-- Dumping data for table `libros`
--

INSERT INTO `libros` (`cod_libro`, `nom_libro`, `ano`, `portada`, `nom_archivo`, `pelicula`, `comentario`) VALUES
(1001, 'El desencuentro', 1996, 'desencuentro.jpg', '25', '', 'La historia de África Anglés es la historia de una mujer casada a los diecisiete años con un donjuán descarado y chulesco. Durante la guerra civil le nace una hija justo cuando su marido la abandona por una querida más dada a la lujuria que ella. A partir de ese momento será la suya una vida normal, semejante a la de miles de mujeres españolas aplastadas por el peso de las convenciones. Sin embargo, un paréntesis en esa monótona existencia se abre con su estancia, durante tres años, en México, período clave que marcará para siempre el resto de sus días.\r\nDesgarrado relato de amor y desencuentros, esta espléndida novela recuerda con nostalgia escenas familiares de la protagonista tanto en Madrid como en México. Aparecen por sus páginas personajes llenos de contradicciones, de humor, de ternura, de rabia y de soledad. Pero también el amor nos sorprende y nos atrapa con dos historias paralelas, casi contemporáneas, que se rozan una y otra vez, pero que jamás llegan a coincidir.'),
(1002, 'La fuente de la vida', 1995, 'fuente.jpg', '0', '', 'Ésta es la historia de dos hombres de condiciones muy distintas en busca de dos mujeres fascinantes, a las que anhelan y a las que jamás podrán alcanzar. Son además los testigos de un drama en el que se verán íntimamente implicados hasta llegar a poner en peligro su propia vida. Como telón de fondo, la realidad de dos ámbitos igualmente difíciles: el del Tercer Mundo y el de un país con un régimen comunista. Como hilo argumental, el secuestro de niños para el negocio de las adopciones ilegales y el tráfico de órganos.\r\n  La fuente de la vida, narrada de forma magistral, analiza y denuncia unas estremecedoras situaciones de terrible actualidad. Haciendo alarde de una elegancia y de una agilidad narrativa encomiables, a la vez que profundizando en el sentido último de unas vidas enfrentadas a la incertidumbre y al horror, esta novela, con la que Lourdes Ortiz ha quedado finalista del Premio Planeta 1995, nos plantea un conflicto colectivo que no dejará impasible a ningún lector. '),
(1003, 'Divorcio para una virgen rota', 1977, 'divorcio.jpg', '0', '', 'Clara, que lleva quince años haciendo vida marital con Miguel, se entera por las esquelas del periódico de que su marido ha muerto y de que, por lo tanto, por fin es libre; a los dieciocho años se había casado con toda inocencia con un hombre a quien un impedimento sicológico no permitía consumar el acto sexual, y el matrimonio no tarda en romperse, dejando en la joven un fuerte sentimiento de culpabilidad que acaba por superar, decidiéndose por fin a rehacer su vida.\r\nA partir de esta situación, Ángel Palomino traza en su novela un amplio cuadro de costumbres españolas, con numerosos personajes secundarios y comparsas que dan un considerable espesor realista a lo que se narra, analizando entre la compasión y la ironía unos problemas de cadente actualidad en nuestro país. Con un estilo tan seguro y ameno como desenfadado, el autor expone toda la gama de conflictos de todo orden, tanto íntimos como sociales, que se derivan de su tema, conduciéndolo muy hábilmente hasta un final completamente imprevisible.'),
(1004, 'En el día de hoy', 1976, 'dia.jpg', '2', '', 'En 1939, el bando republicano se alza con la victoria y derrota, por fin, a los franquistas. Durante la batalla del Ebro, Francia abre sus fronteras para dejar pasar suministros y abastecimientos para el bando republicano. El gobierno de izquierdas, entonces, decide expulsar a los rebeldes del país y estos bien huyen a Portugal, bien huyen a Cuba (el propio Franco elige este destino). Ernest Hemingway, que se ha afincado en la capital, decide escribir Madrid es una fiesta. Pero, lejos de que todo funcione bien, el gobierno empieza a ser inestable y tienen lugar varios episodios violentos entre anarquistas y comunistas. Y, además, los franquistas planean un segundo golpe.'),
(1005, 'La mirada del otro', 1995, 'mirada.jpg', '0', 'LaMiradaDelOtro.mp4', 'Begoña, heredera de la tradición de una familia de la alta burguesía, descubre en su marido al lector secreto de un diario íntimo en el que ella cuenta la prematura experiencia que le desveló su interés por los hombres mayores. Su fidelidad a ese diario la inclina irremisiblemente a una doble vida en la que los deseos y la realidad se funden y confunden. A partir de aquí, y con una creciente intriga que cautivará al lector desde el principio, se asiste al duelo, muchas veces erótico, que esta compleja mujer sostiene entre la realidad y sus propios sueños. La mirada del otro es un sobrecogedor viaje al desamparo y a la soledad. Con una prosa de inalterable hermosura, Fernando G. Delgado nos muestra su capacidad para implicar al lector en un entramado sicológico repleto de emociones tan intrincadas como verosímiles. '),
(1006, 'Autobiografía de Federico Sánchez', 1977, 'autobiografia.jpg', '0', '', 'Un militante del Partido Comunista de España, al que se conoce por el nombre de guerra de "Federico Sánchez", evoca sus experiencias en el período de inspiración estalinista y sus actividades clandestinas en España, hasta su expulsión del Partido en los años sesenta por discrepancia de criterio con sus dirigentes. La narración no sigue ningún orden cronológico y sus diversos episodios sirven continuamente de trampolín para rememorar recuerdos personales, citar textos y discutir actitudes y opiniones políticas, debate que conduce a un implacable proceso de toda la evolución del comunismo desde la muerte de Lennin hasta hoy.\r\nLa obra se presenta como un "intento de reflexión autobiográfica", pero el libro puede considerarse como una modalidad sui géneris de narración novelesca por el elaborado tratamiento de su contenido, que está muy lejos de ser una simple exposición directa de unos hechos autobiográficos. Estos materiales se ordenan y se componen en busca de efectos y contrastes con la misma técnica con que se procedería en el caso de estructurar una ficción pura, y es, pues, la consecuencia literaria obtenida lo que cuenta desde el punto de vista novelesco.\r\nRelato singular y apasionante por las cuestiones que se discuten, la segura eficacia de su prosa y la fuerte personalidad de un gran escritor, esta Autobiografía de Federico Sánchez, ganadora del Premio Planeta 1977, no sólo tiene un valor único como opinión y testimonio, sino que además devuelve a la literatura española una de las figuras de mayor relieve de la narrativa europea actual.'),
(1007, 'La muchacha de las bragas de oro', 1978, 'bragas.jpg', '2', 'bragasdeoro.mp4', 'Luys Forest, viejo escritor falangista, viudo y con un prestigio literario ya reducido a casi nada, se dedica a escribir su memorias, en las que retoca incesantemente su pasado para convertir hechos vulgares, desagradables o incómodos en lo que le parece más novelesco, poético u oportuno en la situación actual; a su lado, su sobrina Mariana -la muchacha de las bragas de oro, que da un título irónicamente balzaquiano a la novela- le acosa com una voz desgarrada y cinica que combate las fabulaciones mentirosas del escritor. Pero en este juego de rehacer interesadamente la verdad de su pasado va a darse una cascada de sorpresas que proporcionarán un final inesperado al libro.\r\nEl relato, que empieza como una satira política, contraponiendo la "chatarra retórica" de Forest a la corrosiva franqueza de Mariana, va adentrándose poco a poco en zonas cada vez más profundas que añaden una insólita dimensión a la novela. La sátira acaba en una fantasmagorica ambigua y misteriosa, entre Borges y Henry James, que convierte esta obra de Marsé en la más ambiciosa de todas las suyas. Partiendo de una serie de situaciones y personajes característicos en su producción. "La muchacha de las bragas de oro" va mucho más lejos, enriqueciendo sus perspectivas y dándonos el más completo y maduro de sus libros.'),
(1008, 'Y Dios en la última playa', 1981, 'dios.jpg', '0', '', 'Un joven que pertenece a un comando terrorista vasco se ve envuelto en circunstancias muy dramáticas que dan un giro inesperado a su vida, y la novela que protagoniza, sin dejar de ser un ningún momento un relato de acción trepidante y un espejo de nuestra historial actual, apunta hacia una reflexión que nos concierne a todos. Cristóbal Zaragoza ha ido a buscar el tema de su libro en uno de los aspectos más dolorosos de la España de hoy, y ha transformado esta cuestión palpitante de la violencia y de la muerte que tiene en vilo al país entero en una extraordinaria novela que es mucho más que un reportaje o una crónica: una síntesis humano de conflictos que parecen irresolubles, presentada con una indiscutible maestría que hace de esta obra uno de los testimonios más apasionantes de la vida española de este momento. '),
(1009, 'Yo, el rey', 1985, 'yo.jpg', '2', '', 'En el año 1808 José Bonaparte está en Bayona, llamado por su hermano Napoleón, quien le ha hecho renunciar al reino de Nápoles para ocupar el trono de España. En Bayona conversa con el emperador, se entera de las intrigas de la familia real española y se dispone a ser buen rey para aquel país desconocido para él. Mientras, van llegando noticias alarmantes, las atrocidades que ha cometido Murat en Madrid, las partidas de guerrilleros en toda la península, y cuando el nuevo monarca entre en Madrid, comprenderá que a pesar de sus buenas intenciones todo lo que haga va a ser inútil. Con un material histórico interesantísimo, Vallejo-Nágera, después de documentarse de un modo muy completo, ha escrito una novela llena de verdad humana en la que los personajes de la historia, empezando por el propio José I, tan calumniado y tan mal conocido entre nosotros, adquieren una nueva vida gracias al arte de un extraordinario escritor. '),
(1010, 'Las hogueras del rey', 1989, 'hoguerasrey.jpg', '0', '', 'En esta novela, escrita con el ritmo trepidante de las narraciones de misterio, Isabel de Inglaterra decide deshacerse de Felipe II y pone la conjura en manos de un mercader portugués, cabeza de su red de espías en España. No sólo se trata de matar al rey sino también su fama gracias a documentos sobre los familistas y alquimistas sospechosos que tenía a su servicio en El Escorial. Una de las personas más principales de la Corte de Madrid resulta cómplice del intento de envenenamiento del monarca.\r\nLa ficción y la historia se mezclan hasta tal punto que, por ejemplo, las cartas que en la realidad escribió el duque de Alba a su majestad jalonan la trama.\r\nLa Inquisición y el miedo que inspiran hogueras y autos de fe son los telones de fondo de una narración en la que el siglo XVI, sus atmósferas y personajes –la princesa de Éboli, Antonio Pérez…– están dibujados con tal nitidez que se ven, se palpan y recuerdan en muchos aspectos acontecimientos de ahora mismo.\r\nEsta obra quedó finalista del Premio Planeta 1989.'),
(1011, 'Los espejos paralelos', 1991, 'espejos.jpg', '0', '', 'El encuentro en Burdeos del caballero español Antonio Pimentel, conocido por su embajada ante la reina Cristina de Suecia, con un amigo inglés sirve de introducción a la novela, formada por el entrelazamiento de las vidas de los personajes de Las meninas velazqueñas; el pintor Benito Manuel de Agüero queda accidentalmente encerrado en un aposento del Alcázar con el cuadro de Velázquez y, durante la noche, a manera de visiones o sueños, reviven los personajes pintados: la infanta María Teresa que va a casarse con Luis XIV de Francia, el aposentador Nieto, Felipe IV, ya viejo y enfermo, que escribe a sor María de Ágreda, su confidente, y la reina doña Mariana, enanos, damas, meninas y el mastín León. Todos ellos nos cuentan su vida, dejan entrever cómo era la Corte, Madrid y la España de aquel entonces, y la novela termina con la voz del propio Velázquez hablando de su cuadro. En esta gran recreación imaginativa Néstor Luján ha conseguido una estampa histórica de singular intensidad, brillantísima y rebosante de verdad humana. Los espejos paralelos ha sido finalista del Premio Planeta 1991. '),
(1012, 'Crónica sentimental en rojo', 1984, 'sentimental.jpg', '0', '', 'Cuando aquella juez de Barcelona -mujer opulenta y dada a todas las vicisitudes del topless- descubrió en su casa de playa el pecho recién cortado de una niña, no sabía que iba a resucitar una historia de ambiciones familiares, de pactos subterráneos y de ambiciones secretas mantenidas cn el sigilo de las mejores familias. No sabía, sobre todo, que iba a resucitar una desesperada historia de amor, una verdadera "Crónica sentimental" que desde el principio estuvo teñida con el amarillo de la nostalgia y el rojo de la sangre.\r\nPese a la nostalgia y la sangre, esta novela es más mucho más, que un relato policíaco, por apasionantes qu resulten su técnica y su suspense desde el primer grito hasta la última confesión y la última sorpresa. Es una historia social cuyas raíces se hunden en la entraña de Barcelona, en los despachos de sus abogados, las redacciones de sus periódicos, las residencias de los que tienen un futuro en forma de cuenta bancaria y los cuchitriles de los que sólo tienen un pasado en forma de ficha policial. Es una novela sarcástica y dura, tan directa como unimpacto, dotada a veces de una elegante crueldad, pero también de una inolvidable ternura.\r\nEl viejo inspector Méndez, que ya ha aparecido en otras novelas del autor, oficia en las tinieblas de "otra" Barcelona que el lector irá descubriendo poco a poco, emoción a emoción. Novela que se lee en una noche pero que se recuerda durante miles de noches, "Crónica sentimental en rojo" es uno de esos relatos que abren nuevos caminos en el arte de narrar y está destinado a marcar una época.'),
(1013, 'La canción del pirata', 1983, 'cancionpirata.jpg', 'cancionpirata.pdf', '', 'Entre enero y junio de 1682, Juan Cantueso, preso en Cádiz, relata su agitada vida, desde la infancia, al bachiller Román de Irala, que será el encargado de divulgarla por escrito. Hijo de una indigente y de un clérigo, su espíritu aventurero lo lleva hasta Venecia y Sevilla, donde se sirve de sus malas artes para medrar. Sus andanzas, incluidas las eróticas, continúan en las Indias (Jamaica, Puerto Rico y otros lugares). Su alianza con un pirata portugués le permite participar en numerosas refriegas marítimas. De nuevo en España, es abandonado por su mujer, que se fuga con un militar francés, y, aunque inocente, es encarcelado y juzgado por su colaboración con un pastelero de Cádiz que elabora sus productos con carne humana. En LA CANCIÓN DEL PIRATA, finalista en su día del Premio Planeta, FERNANDO QUIÑONES rescató, valiéndose de su dominio del arte narrativo, la tradición de la novela picaresca, para levantar un fresco regocijante e implacable a la vez de una de las épocas más atractivas y apasionantes de nuestra historia.'),
(1014, 'La guerra del general Escobar', 1983, 'guerra.jpg', '0', '', 'El coronel de la Guardia Civil Antonio Escobar, hombre de profundas convicciones religiosas, consiguió con su decidida actuación el 19 de julio de 1936 que no prosperase la sublevación militar en Barcelona. Pese a ser hijo de un héroe de la guerra de Cuba, y tener una hija monja adoratriz, un hijo falangista Palma de Plata y dos hermanos también coroneles de la Guardia Civil, optó por la libertad de actuar conforme a su conciencia y al juramento prestado al Gobierno legalmente constituido. A través de esta obra, el autor nos da una visión infrecuente de los años de nuestra guerra, vividos sin partidismo ni ideologías por un militar que en la España del gran desgarrón histórico eligió, ante el estupor mal disimulado de las autoridades, una incómoda postura, porque creía que su puesto era aquél. Pese a la historicidad del relato, nos encontramos ante una novela en la que su autor se ha limitado a recrear un personaje admirable que pudo vivir, luchar y morir en cualquier otra guerra fratricida de la Historia.'),
(1015, 'Llegará tarde a Hendaya', 1981, 'hendaya.jpg', '0', '', 'Era el mismo sueño de Napoleón. Desde Narvik –allá, pegando al Polo- hasta los Pirineos, un ejército continental de capacidad titánica aguardaba el asalto al Reino Unido. Pero no eran las mismas circunstancias. La Luftwaffe del mariscal Goering lapidaba a bombazos las megápolis inglesas. Y detrás de aquellas tropas al acecho se ufanaba una ideología avasalladora, emergida del revolucionario mundo de entreguerras. Una ideología a la que España se podría incorporar...\r\nPero ¿estaba el Reino Unido solo? ¿Tenía algo más que su anodina Commonwealth? ¿Algo más que las bravatas de premier Churchill?\r\nAl otro lado del Atlántico, con su inoportunismo acostumbrado, los Estados Unidos dedicaban aquel otoño del 40 a sus folklóricas campañas electorales. El enfermizo y sempiterno presidente Roosevelt se enfrentaba al republicano antiintervencionista Willki. Parecía inevitable que en breve plazo se impusiera en Europa un solo señor.\r\nHitler citó a Franco en el confín fronterizo de su joven imperio. Tenía que ser tal fecha, a tal hora, porque al día siguiente quería ver a Pétain y en su agenda no quedaban huecos. Todo el mundo pensó que España se añadiría a ese Eje que, uniendo Roma con Tokio, se centraban en Berlín.\r\nY todos se equivocaron. Aquella reunión resultó intranscendente. Decenas de personas maniobraron en las sombras para que no se emitiera ni un comunicado. Incluso, y extrañamente, Franco llegó tarde. '),
(1016, 'Filomeno, a mi pesar', 1988, 'filomeno.jpg', '2', '', 'Filomeno, gallego de origen portugués por parte de su madre, es un personaje de incierta y compleja personalidad, lo cual se refleja en un nombre de pila indeseado que suena a ridículo y en el uso habitual de sus diferentes apellidos según la situación y el país en que se encuentra. tras estudiar derecho en Madrid, se traslada a Londres para trabajar en un banco, es corresponsal de un periódico portugués en París y, después de residir en Portugal durante la guerra civil española, acaba volviendo a la Galicia donde nació. en el curso de estos viajes, y mientras la historia de Europa se va ensombreciendo progresivamente, filomeno tiene experiencias de todo género que le hacen madurar y se enamora varias veces.'),
(1017, 'El tambor de hojalata', 1959, 'hojalata.jpg', '0', '', ''),
(1018, 'El amor en los tiempos del cólera', 1985, 'atcol.jpg', 'amorcolera.pdf', '', ''),
(1019, 'Volavérunt', 1980, 'volaverunt.jpg', '2', '', ''),
(1020, 'El año del wolfram', 1984, 'ano.jpg', '0', '', ''),
(1021, 'El estrangulador', 1994, 'estrangulador.jpg', 'Elestrangulador.pdf', '', ''),
(1022, 'El último suspiro del Moro', 1995, 'suspiro.jpg', 'suspiro.pdf', '', ''),
(1023, 'Todos los nombres', 1997, 'todos.jpg', '0', '', ''),
(1024, 'Las cenizas de Angela', 1996, 'cenizas.jpg', '0', '', ''),
(1025, 'Irse de casa', 1998, 'irsedecasa.jpg', '0', '', ''),
(1026, 'Cinco moscas azules', 1996, 'cinco.jpg', 'Cincomoscas.pdf', '', ''),
(1027, 'Soplando al viento', 1995, 'soplando.jpg', '0', '', ''),
(1028, 'Modelos de mujer', 1996, 'modelos.jpg', '0', '', ''),
(1029, 'Los cuadernos de don Rigoberto', 1997, 'rigoberto.jpg', '0', '', ''),
(1030, 'El mágico aprendiz', 1999, 'magicoaprendiz.jpg', '0', '', ''),
(1031, 'Single & Single', 1999, 'singlesingle.jpg', '0', '', ''),
(1032, 'Atlas de geografía humana', 1998, 'atlas.jpg', '4', '', ''),
(1033, 'Plenilunio', 1997, 'plenilunio.jpg', '0', '', ''),
(1034, 'En busca del unicornio', 1987, 'unicornio.jpg', 'unicornio.pdf', '', ''),
(1035, 'Pequeñas infamias', 1998, 'pequeas.jpg', '2', '', ''),
(1036, 'Ardor guerrero', 1995, 'ardor.jpg', '0', '', ''),
(1037, 'Noticia de un secuestro', 1996, 'notsec.jpg', '0', '', ''),
(1038, 'La sombra del águila', 1993, 'sombra.jpg', '0', '', ''),
(1039, 'El hombre que susurraba al oído de los caballos', 1995, 'susurrador.jpg', '0', '', ''),
(1040, 'Paula', 1994, 'paula.jpg', 'Paula.pdf', '', ''),
(1041, 'Tonto, muerto, bastardo e invisible', 1995, 'tonto.jpg', '0', '', ''),
(1042, 'La cabeza perdida de Damasceno Monteiro', 1997, 'cabeza.jpg', '0', '', ''),
(1043, 'Doce cuentos peregrinos', 1992, 'doce.jpg', 'Docecuentos.pdf', '', ''),
(1044, '¿Qué me quieres, amor?', 1996, 'que_me_quieres.jpg', '18', 'lenguamariposas.mp4', ''),
(1045, 'La cruz de San Andrés', 1994, 'cruz.jpg', '2', '', ''),
(1046, 'Los mares del sur', 1979, 'mares.jpg', 'LosmaresdelSur.pdf', '', ''),
(1047, 'No digas que fue un sueño', 1986, 'nodigas.jpg', 'Nodigasquefueunsueno.pdf', '', ''),
(1048, 'Lituma en los Andes', 1993, 'lituma.jpg', 'Lituma.pdf', '', ''),
(1049, 'Garras de astracán', 1991, 'Garras.jpg', 'Garras.pdf', '', ''),
(1050, 'Olvidado rey Gudú (I)', 1996, 'olvidado.jpg', 'ReyGudu.pdf', '', ''),
(1051, 'El demonio y la señorita Prym', 2000, 'demonio.jpg', '0', '', ''),
(1052, 'El obsceno pájaro de la noche', 1970, 'obsceno.jpg', '0', '', ''),
(1053, 'Las crónicas mestizas', 1992, 'Mestizas.jpg', '0', '', ''),
(1054, 'La colmena', 1951, 'colmena.jpg', '0', 'Colmena.mp4', ''),
(1055, 'Todas las almas', 1989, 'almas.jpg', 'Todaslasalmas.pdf', '', ''),
(1056, 'Coronación', 1968, 'coronacion.jpg', '0', 'coronacion.mp4', ''),
(1057, 'Letanías de lluvia', 1992, 'letanias.jpg', '0', '', ''),
(1058, 'Madrid, distrito federal', 1994, 'madriddistrito.jpg', '0', '', ''),
(1059, 'Peón de rey', 1998, 'peonrey.jpg', '0', '', ''),
(1060, 'Un buen hombre en Africa', 1981, 'buenhombre.jpg', '0', '', ''),
(1061, 'La fiesta de los locos', 1989, 'fiestalocos.jpg', 'Lafiestadeloslocos.pdf', '', ''),
(1062, 'La carta esférica', 2000, 'carta.jpg', '0', '', ''),
(1063, 'Lord Jim', 1900, 'lordjim.jpg', '0', '', ''),
(1064, 'El fin último de la creación', 1994, 'elfinultimo.jpg', '0', '', ''),
(1065, 'La fiesta del Chivo', 2000, 'chivo.jpg', '0', '', ''),
(1066, 'Mal de amores', 1996, 'malamor.jpg', '0', '', ''),
(1067, 'Mañana en la batalla piensa en mí', 1995, 'mananabatalla.jpg', 'enlabatallapiensaenmi.pdf', '', ''),
(1068, 'Cien años de soledad', 1967, 'cienanos.jpg', 'soledad.pdf', '', ''),
(1069, 'El jugador', 0, 'eljugador.jpg', '0', '', ''),
(1070, 'El otoño del patriarca', 1975, 'otonopatriarca.jpg', 'patriarca.pdf', '', ''),
(1071, 'Los hermanos Karamazof', 1880, 'karamazov.jpg', '0', '', ''),
(1072, 'Historia universal de la infamia', 1934, 'infamia.jpg', '0', '', ''),
(1073, 'La casa de los espíritus', 1982, 'espiritus.jpg', 'espiritus.pdf', 'casaespiritus.mp4', ''),
(1074, 'Cuentos de Eva Luna', 1989, 'cuentoseva.jpg', 'CuentosEvaLuna.pdf', '', ''),
(1075, 'Los tres mosqueteros', 1846, 'mosqueteros.jpg', '0', '', ''),
(1076, 'El poder y la gloria', 1940, 'poder.jpg', '0', '', ''),
(1077, 'Los pilares de la tierra', 1989, 'piliersterre.jpg', '0', '', ''),
(1078, 'Pedro Páramo', 1955, 'paramo.jpg', '0', '', ''),
(1079, 'El ocho', 1988, 'ocho.jpg', '0', '', ''),
(1080, 'Crónica de una muerte anunciada', 1981, 'cronica.jpg', '0', '', ''),
(1081, 'El último judío', 1999, 'ultimo.jpg', '0', '', ''),
(1082, '¿Por quién doblan las campanas?', 1940, 'campanas.jpg', '0', '', ''),
(1083, 'Los renglones torcidos de Dios', 1979, 'renglones.jpg', '0', '', ''),
(1084, 'La ciudad y los perros', 1963, 'ciudadperros.jpg', '8', '', ''),
(1085, 'La guerra del fin del mundo', 1981, 'guerrafin.jpg', '0', '', ''),
(1086, 'Pantaleón y las visitadoras', 1973, 'pantaleon.jpg', '0', '', ''),
(1087, 'El gran Gatsby', 1925, 'Gatsby.jpg', '0', '', ''),
(1088, 'La verdad sobre el caso Savolta', 1975, 'savolta.jpg', 'Savolta.pdf', '', ''),
(1089, 'La ciudad de los prodigios', 1986, 'prodigios.jpg', 'prodigios.pdf', '', ''),
(1090, 'El misterio de la cripta embrujada', 1978, 'cripta.jpg', 'cripta.pdf', '', ''),
(1091, 'Un saco de canicas', 1971, 'canicas.jpg', '0', '', ''),
(1092, 'La hoja roja', 1959, 'hojaroja.jpg', '0', '', ''),
(1093, 'Mi idolatrado hijo Sisí', 1953, 'sisi.jpg', '0', '', ''),
(1094, 'Las ratas', 1962, 'ratas.jpg', '9', '', ''),
(1095, 'El disputado voto del señor Cayo', 1978, 'Cayo.jpg', '0', '', ''),
(1096, 'La metamorfosis y otros relatos', 1915, 'metamorfosis.jpg', '0', '', ''),
(1097, 'Lo que el viento se llevó', 1936, 'loqueelviento.jpg', '16', 'viento.mp4', ''),
(1098, 'La piel del tambor', 1995, 'piel.jpg', '0', '', ''),
(1099, 'El sueño eterno', 1939, 'elsuenoeterno.jpg', '0', 'TheBigSleep.mp4', ''),
(1100, 'Generaciones', 1979, 'generaciones.jpg', '0', '', ''),
(1101, 'Los miserables', 1862, 'losmiserables.jpg', 'Losmiserables.pdf', '', ''),
(1102, 'Historia de dos ciudades', 1859, 'dosciudades.jpg', '0', '', ''),
(1103, 'Chacal', 1971, 'chacal.jpg', '0', '', ''),
(1104, 'Tirano Banderas', 1921, 'tirano.jpg', '0', '', ''),
(1105, 'Tuareg', 1980, 'tuareg.jpg', 'Tuareg.pdf', '', ''),
(1106, 'Piratas', 1996, 'piratas.jpg', 'Piratas.pdf', '', ''),
(1107, 'Negreros', 1996, 'negreros.jpg', 'Negreros.pdf', '', ''),
(1108, 'Los tigres de Malasia', 0, 'tigres.jpg', '0', '', ''),
(1109, 'El padrino', 1969, 'padrino.jpg', '0', '', ''),
(1110, 'El árbol de la ciencia', 1911, 'arbolciencia.jpg', '0', '', ''),
(1111, 'San Manuel, bueno, mártir', 1933, 'sanmanuel.jpg', 'SanManuel.pdf', '', ''),
(1112, 'El extranjero', 1942, 'letranger.jpg', '0', '', ''),
(1113, 'Un pequeño romance', 1972, 'pequenoromance.jpg', '0', '', ''),
(1114, 'Esta noche, la libertad', 1975, 'nochelibertad.jpg', '0', '', ''),
(1115, 'O llevarás luto por mí', 1967, 'ollevaras.jpg', '0', '', ''),
(1116, '¿Arde París?', 1964, 'ardeparis.jpg', 'ArdeParis.pdf', '', ''),
(1117, 'El quinto jinete', 1981, 'quinto.jpg', '0', '', ''),
(1118, 'Más grandes que el amor', 1990, 'masgrandes.jpg', 'Masgrandes.pdf', '', ''),
(1119, 'La tía Tula', 1927, 'tiatula.jpg', 'LatiaTula.pdf', '', ''),
(1120, 'Tormento', 1884, 'tormento.jpg', 'Tormento.pdf', '', ''),
(1121, 'Madame Bovary', 1857, 'bovary.jpg', '0', '', ''),
(1122, 'Las aventuras de Huckleberry Finn', 1884, 'Hutch.jpg', '0', '', ''),
(1123, 'Memorias de una geisha', 1997, 'geisha.jpg', '0', '', ''),
(1124, 'Orlando', 1928, 'orlando.jpg', '0', '', ''),
(1125, 'Conversación en la catedral', 1969, 'conversacion.jpg', '0', '', ''),
(1126, 'La romana', 1947, 'laromana.jpg', '0', '', ''),
(1127, 'Dublineses', 1914, 'dublineses.jpg', '0', '', ''),
(1128, 'Malo en Madrid', 1996, 'malomadrid.jpg', '0', '', ''),
(1129, 'Tu nombre envenena mis sueños', 1992, 'tunombre.jpg', '0', '', ''),
(1130, 'Cuando fui mortal', 1996, 'cuandofui.jpg', 'Cuandofuimortal.pdf', '', ''),
(1131, 'La familia de Pascual Duarte', 1942, 'pascualduarte.jpg', '0', '', ''),
(1132, 'El halcón maltés', 1929, 'maltes.jpg', '0', '', ''),
(1133, 'La insoportable levedad del ser', 1984, 'insoportable.jpg', 'insoportable.pdf', '', ''),
(1134, 'El corazón del viento', 2000, 'corazonviento.jpg', '0', '', ''),
(1135, 'El cielo protector', 1947, 'cieloprotector.jpg', '0', 'protector.mp4', ''),
(1136, 'Un ambiente extraño', 1997, 'ambiente.jpg', '0', '', ''),
(1137, 'Mi querido Sebastián', 1992, 'miquerido.jpg', '0', '', ''),
(1138, 'Los viejos marineros', 1961, 'viejosmarineros.jpg', '0', '', ''),
(1139, 'El general', 1998, 'general.jpg', '0', '', ''),
(1140, 'Diario de una ninfómana', 2003, 'ninfo.jpg', '0', '', ''),
(1141, 'El dios de las pequeñas cosas', 1997, 'dios_cosas.jpg', '11', '', ''),
(1142, 'El amante', 1984, 'elamante.jpg', '0', '', ''),
(1143, 'La tía Julia y el escribidor', 1977, 'latiajulia.jpg', '0', '', ''),
(1144, 'Memorias de Adriano', 1951, 'adriano.jpg', '0', '', ''),
(1145, 'Lolita', 1955, 'lolita.jpg', '0', '', ''),
(1146, 'El laberinto de las aceitunas', 1982, 'aceitunas.jpg', 'aceitunas.pdf', '', ''),
(1147, 'Vivir para contarla', 2002, 'vivir.jpg', 'Vivir.pdf', '', ''),
(1148, 'La sonrisa etrusca', 1985, 'etrusca.jpg', '0', '', ''),
(1149, 'Corazón tan blanco', 1992, 'corazon.jpg', 'Corazontanblanco.pdf', '', ''),
(1150, 'La ciudad de la alegría', 1985, 'alegria.jpg', 'LaCiudaddelaAlegria.pdf', '', ''),
(1151, 'Bruto, la leyenda del falso traidor', 1994, 'bruto.jpg', '0', '', ''),
(1152, 'Bahía de La Habana', 1999, 'bahia.jpg', '0', '', ''),
(1153, 'Luanda, 1936', 2001, 'luanda.jpg', '0', '', ''),
(1154, 'De todo lo visible y lo invisible', 2001, 'detodo.jpg', '12', '', ''),
(1155, 'El salón dorado', 1996, 'salon.jpg', '0', '', ''),
(1156, 'La soledad del manager', 1977, 'soledadmanager.jpg', 'Lasoledaddelmanager.pdf', '', ''),
(1157, 'El Cid', 2000, 'cid.jpg', '0', '', ''),
(1158, 'El paraíso en la otra esquina', 2003, 'paraisoesquina.jpg', '0', '', ''),
(1159, 'Placer licuante', 1997, 'licuante.jpg', '0', '', ''),
(1160, 'Lo mejor que le puede pasar a un cruasán', 2001, 'cruasan.jpg', '0', '', ''),
(1161, 'Los Borgia', 2000, 'losborgia.jpg', '0', '', ''),
(1162, 'La flaqueza del bolchevique', 1997, 'flaqueza.jpg', '0', '', ''),
(1163, 'Lobas de mar', 2003, 'lobas_mar.jpg', '13', '', ''),
(1164, 'Te di la vida entera', 1996, 'tedilavida.jpg', '0', '', ''),
(1165, 'No estabas en el cielo', 1996, 'noestabas.jpg', '0', '', ''),
(1166, 'Los clamores de la tierra', 1996, 'clamores.jpg', '0', '', ''),
(1167, 'Nefer el silencioso', 2000, 'nefer.jpg', '0', '', ''),
(1168, 'Señorita', 1998, 'senorita.jpg', 'Senorita.pdf', '', ''),
(1169, 'Travesuras de la niña mala', 2006, 'travesuras.jpg', '0', '', ''),
(1170, 'El sueño del celta', 2010, 'celta.jpg', '0', '', ''),
(1171, 'El mundo', 2007, 'elmundo.jpg', '2', '', ''),
(1172, 'Los perros de Riga', 1992, 'riga.jpg', 'LosperrosdeRiga.pdf', '', ''),
(1173, 'La leona blanca', 1993, 'leona.jpg', 'Laleonablanca.pdf', '', ''),
(1174, 'Asesinos sin rostro', 1991, 'sinrostro.jpg', 'Asesinossinrostro.pdf', '', ''),
(1175, 'El secreto del fuego', 2007, 'delfuego.jpg', 'Elsecretodelfuego.pdf', '', ''),
(1176, 'Milenium I : Los hombres que no amaban a las mujeres', 2002, 'milenium1.jpg', '0', '', ''),
(1177, 'Milenium II : La chica que soñaba con una cerilla y un bidón de gasolina', 2003, 'milenium2.jpg', '0', '', ''),
(1178, 'Milenium III : La reina en el palacio de las corrientes de aire', 2004, 'milenium3.jpg', '0', '', ''),
(1179, 'Anatomía de un instante', 2009, 'anatomia.jpg', '0', '', ''),
(1180, 'El código Da Vinci', 2003, 'DaVinci.jpg', '0', 'DaVinci.mp4', ''),
(1181, 'El reino del dragón de oro', 2003, 'dragonoro.jpg', 'Dragon.pdf', '', ''),
(1182, 'La isla bajo el mar', 2009, 'islabajo.jpg', 'bajoelmar.pdf', '', ''),
(1183, 'El alquimista impaciente', 2000, 'alquimista.jpg', '15', 'alquimista.mp4', ''),
(1184, 'La niebla y la doncella', 2002, 'doncella.jpg', '0', 'niebla.mp4', ''),
(1185, 'La estrategia del agua', 2010, 'estrategia.jpg', '0', '', ''),
(1186, 'El perfume', 1985, 'perfume.jpg', '0', '', ''),
(1187, 'La aventura del tocador de señoras', 2001, 'tocador.jpg', 'tocadordesenoras.pdf', '', ''),
(1188, 'Riña de gatos', 2010, 'gatos.jpg', 'Rinadegatos.pdf', '', ''),
(1189, 'La rosa de Alejandría', 1984, 'alejandria.jpg', 'LaRosadeAlejandria.pdf', '', ''),
(1190, 'Quinteto de Buenos Aires', 1997, 'quinteto.jpg', 'Quinteto.pdf', '', ''),
(1191, 'La gente de Smiley', 1979, 'smiley.jpg', '0', '', ''),
(1192, 'Ícaro', 1999, 'icaro.jpg', '0', '', ''),
(1193, 'Ébano', 2000, 'ebano.jpg', 'Ebano.pdf', '', ''),
(1194, 'La sombra del viento', 2002, 'sviento.jpg', '0', '', ''),
(1195, 'El juego del ángel', 2008, 'jangel.jpg', '0', '', ''),
(1196, 'Trafalgar', 2001, 'trafalgar.jpg', '0', '', ''),
(1197, 'El número de Dios', 2004, 'numdios.jpg', '0', '', ''),
(1198, 'El tiempo entre costuras', 2009, 'entrecosturas.jpg', '0', '', ''),
(1199, 'La soledad de los números primos', 2008, 'primos.jpg', '0', '', ''),
(1200, 'Tiempo de silencio', 1960, 'tiemposilencio.jpg', '0', '', ''),
(1201, '2666', 2003, '2666.jpg', '0', '', ''),
(1202, 'La conjura de los necios', 1962, 'conjuranecios.jpg', '16', '', ''),
(1203, 'La cena secreta', 2004, 'cenasecreta.jpg', '0', '', ''),
(1204, 'El vuelo de la reina', 2002, 'vueloreina.jpg', '17', '', ''),
(1205, 'El sueño de Africa', 2003, 'africa.jpg', '0', '', ''),
(1206, 'El guardián entre el centeno', 1951, 'guardian.jpg', '0', '', ''),
(1207, 'La maravillosa vida breve de Óscar Wao', 2008, 'vidabreve.jpg', '16', '', ''),
(1208, 'Lo que esconde tu nombre', 2010, 'esconde.jpg', '15', '', ''),
(1209, 'El nombre del viento', 2007, 'nombre_viento.jpg', '0', '', ''),
(1210, 'Donde nadie te encuentre', 2010, 'donde-nadie.jpg', '15', '', ''),
(1211, 'Bomarzo', 1962, 'bomarzo.jpg', '0', '', ''),
(1212, 'Crisis Ninja y otros misterios', 2009, 'ninja.jpg', '0', '', ''),
(1213, 'Yo, Aníbal', 1988, 'anibal.jpg', '0', '', ''),
(1214, 'El lápiz del carpintero', 1998, 'lapiz.jpg', '9', 'Ellapizdelcarpintero.mp4', ''),
(1215, 'Los galeones del Rey', 2002, 'galeones.jpg', '0', '', ''),
(1216, 'El niño con el pijama de rayas', 2006, 'pijama.jpg', '0', 'pijamaderayas.mp4', ''),
(1217, 'Abril rojo', 2006, 'abrilrojo.jpg', '17', '', ''),
(1218, 'Blanco nocturno', 2010, 'Blanconocturno.jpg', 'Blanconocturno.pdf', '', ''),
(1219, 'El ruido de las cosas al caer', 2011, 'elruido.jpg', '17', '', ''),
(1220, 'El lector de cadáveres', 2011, 'lector.jpg', '19', '', ''),
(1221, 'Tigre blanco', 2008, 'tigre_blanco.jpg', 'tigre.pdf', '', ''),
(1222, 'El imperio eres tú', 2011, 'imperiotu.jpg', '2', '', ''),
(1223, 'Mira si yo te querré', 2007, 'mira.jpg', 'Mirasiyote.pdf', '', ''),
(1224, 'Raíces', 1976, 'raices.jpg', '0', '', ''),
(1225, 'Ritos de muerte', 1996, 'ritosmuerte.jpg', '0', '', ''),
(1226, 'El judío de Shangai', 2008, 'shangai.jpg', '13', '', ''),
(1227, 'Venga a nosotros tu reino', 2008, 'vengaanosotros.jpg', '0', '', ''),
(1228, 'La voz dormida', 2002, 'vozdormida.jpg', 'Lavozdormida.pdf', 'Lavozdormida.mp4', ''),
(1229, 'El desbarrancadero', 2003, 'desbarrancadero.jpg', '20', '', ''),
(1230, 'El oficinista', 2010, 'oficinista.jpg', '8', '', ''),
(1231, 'El americano impasible', 1955, 'impasible.jpg', '9', 'Elamericanoimpasible.mp4', ''),
(1232, 'Pastoral americana', 1998, 'pastoral.jpg', '16', 'Pastoralamericana.mp4', 'Primer libro de la conocida Trilogía Americana. El autor de El lamento de Portnoy, galardonado con el Premio Pulitzer, hace una crónica sobre la caída del sueño americano en el final de los sesenta. Un matrimonio judío, ve cómo se desmoronan sus valores y su mundo perfecto, cuando su hija se convierte en una luchadora contra la guerra de Vietnam. Seymour Levov, modelo a seguir por todos los muchachos judíos de New Jersey, gran atleta y mejor hijo, sólido heredero de la fábrica de guantes que su padre levantó desde la nada, ha rebasado la mitad del siglo XX sin conflictos que puedan estropear su dorada Arcadia, una vida placentera que comparte con su mujer Dawn, ex Miss New Jersey, y con su hija Meredith. Y es en este preciso momento,con su vida convertida en un eterno día de Acción de Gracias en el que todo el mundo come lo mismo, se comporta de la misma manera y carece de religión, cuando el Sueco Levov verá derrumabarse estrepitosamente todo lo que le rodea. Pastoral americana es un relato lúcido que pone en tela de juicio los valores de la sociedad norteamericana y su capacidad de permanencia durante el conflicto final de los felices sesenta, con la intervención estadounidense en la guerra de Vietnam como telón de fondo.'),
(1233, 'El hombre del corazón negro', 2011, 'corazonnegro.jpg', '0', '', ''),
(1234, 'El secreto del rey cautivo', 2005, 'reycautivo.jpg', '13', '', ''),
(1235, 'La citación', 2002, 'citacion.jpg', '0', '', ''),
(1236, 'Legítima defensa', 1995, 'legitima.jpg', '0', '', ''),
(1237, 'El niño de los coroneles', 2001, 'ncoroneles.jpg', '15', '', ''),
(1238, 'Crónica del rey pasmado', 1989, 'reypasmado.jpg', '0', 'ElReyPasmado.mp4', ''),
(1239, 'Cosmópolis', 2003, 'cosmopolis.jpg', '0', 'Cosmopolis.mp4', ''),
(1240, 'No acosen al asesino', 2001, 'noacosenasesino.jpg', '0', '', ''),
(1241, 'La berlina de Prim', 2012, 'berlina.jpg', '13', '', ''),
(1242, 'Los amigos del crimen perfecto', 2003, 'LACP.jpg', '15', '', ''),
(1243, 'El pasaje', 2010, 'elpasaje.jpg', '0', '', ''),
(1244, 'El tiempo escondido', 2005, 'tiempoescondido.jpg', '0', '', ''),
(1245, 'La tierra más hermosa', 1996, 'latierramasher.jpg', '0', '', ''),
(1246, 'La piel del cielo', 2001, 'lapieldelcielo.jpg', '17', '', ''),
(1247, 'Las asombrosas aventuras de Kavalier y Clay', 2000, 'KavalierClay.jpg', '16', '', ''),
(1248, 'La mula', 2003, 'La-mula.jpg', 'Lamula.pdf', 'Lamula.mp4', ''),
(1249, 'La niebla herida', 2007, 'lanieblaherida.jpg', '0', '', ''),
(1250, 'La vida imaginaria', 2012, 'lavidaimaginaria.jpg', '0', '', ''),
(1251, 'El asirio', 1987, 'asirio.jpg', '0', '', ''),
(1252, 'Violetas de marzo', 1989, 'violetas.jpg', 'Violetas.pdf', '', ''),
(1253, 'Pálido criminal', 1990, 'palido.jpg', 'Palido.pdf', '', ''),
(1254, 'La escriba', 2008, 'escriba.jpg', '0', '', ''),
(1255, 'Vida y época de Michael K', 1983, 'MichaelK.jpg', '11', '', ''),
(1256, 'Las leyes de la frontera', 2012, 'frontera.jpg', '0', '', ''),
(1257, 'Demasiada felicidad', 2009, 'demasiada.jpg', 'Demasiada.pdf', '', ''),
(1258, 'Las partículas elementales', 1998, 'particulas.jpg', 'particulaselementales.pdf', '', ''),
(1259, 'Plataforma', 2001, 'plataforma.jpg', 'Plataforma.pdf', '', ''),
(1260, 'Siddhartha', 1922, 'Siddhartha.jpg', '0', '', ''),
(1261, 'La rubia de ojos negros', 2014, 'rubiaojosnegros.jpg', '0', '', ''),
(1262, 'El largo adiós', 1953, 'ellargoadios.jpg', '0', 'TheLongGoodbye.mp4', ''),
(1263, 'La verdad sobre el caso Harry Quebert', 2012, 'harry.jpg', '0', '', ''),
(1264, 'El héroe discreto', 2013, 'discreto.jpg', '0', '', ''),
(1265, 'La marca del meridiano', 2012, 'meridiano.jpg', '2', '', ''),
(1266, 'El cuarteto de Whitechapel', 2010, 'whitechapel.jpg', '0', '', ''),
(1267, 'Estaba en el aire', 2013, 'enelaire.jpg', '15', '', ''),
(1268, 'La crín de Damócles', 2006, 'damocles.jpg', '24', '', ''),
(1269, 'Los días del arco iris', 2011, 'arcoiris.jpg', '0', '', ''),
(1270, 'Vivir de noche', 2012, 'vivirdenoche.jpg', 'vivirdenoche.pdf', 'denoche.mp4', ''),
(1271, 'El enredo de la bolsa y la vida', 2012, 'enredo.jpg', 'enredo.pdf', '', ''),
(1272, 'El viajero del siglo', 2010, 'viajero.jpg', '17', '', ''),
(1273, 'Operación Dulce', 2012, 'dulce.jpg', '0', '', ''),
(1274, 'Perros que ladran en el sótano', 2012, 'perros.jpg', 'Sotano.pdf', '', ''),
(1275, 'Sinuhé, el egipcio', 1945, 'sinuhe.jpg', '0', 'Sinuhe.mp4', ''),
(1276, 'Ivanhoe', 1819, 'ivanhoe.jpg', 'Ivanhoe.pdf', 'Ivanhoe.mp4', ''),
(1277, 'La hija del tiempo', 1951, 'hijatiempo.jpg', 'hijatiempo.pdf', '', ''),
(1278, 'El caso tequila', 2011, 'tequila.jpg', 'tequila.pdf', '', ''),
(1279, 'Calle de las tiendas oscuras', 1978, 'tiendas.jpg', 'tiendas.pdf', '', ''),
(1280, 'Desaparecida', 2009, 'desaparecida.jpg', 'Desaparecida.pdf', '', ''),
(1281, 'El tiempo de los héroes', 2013, 'heroes.jpg', 'heroes.pdf', '', ''),
(1282, 'Vida y hechos de Alexis Zorba', 1946, 'zorba.jpg', 'Zorba.pdf', 'zorba.mp4', ''),
(1283, 'Mil soles espléndidos', 2007, 'soles.jpg', 'solesesplendidos.pdf', '', ''),
(1284, 'El secreto egipcio de Napoleón', 2008, 'egipcio.jpg', 'DeNapoleon.pdf', '', ''),
(1285, 'Réquiem alemán', 1991, 'requiem.jpg', 'Requiem.pdf', '', ''),
(1286, 'Lobos', 2009, 'lobos.jpg', 'Lobos.pdf', '', ''),
(1287, 'La hipótesis del mal', 2013, 'hipotesis.jpg', 'hipotesis.pdf', '', ''),
(1288, 'Relatos africanos', 1965, 'africanos.jpg', 'Relatosafricanos.pdf', '', ''),
(1289, 'El cielo ha vuelto', 2013, 'cielo.jpg', '2', '', ''),
(1290, 'Pasado perfecto', 1991, 'pasado.jpg', '0', '', 'El primer fin de semana de 1989 una insistente llamada de tel fono arranca de su resaca al teniente Mario Conde, un polic a esc ptico y desenga ado. El Viejo, su jefe en la Central, le llama para encargarle un misterioso y urgente caso: Rafael Mor n, jefe de la Empresa de Importaciones y Exportaciones del Ministerio de Industrias, falta de su domicilio desde el d a de A o Nuevo. Quiere el azar que el desaparecido sea un ex compa ero de estudios de Conde, un tipo que ya entonces, aun acatando las normas establecidas, se destacaba por su brillantez y autodisciplina. Por si fuera poco, este caso enfrenta al teniente con el recuerdo de su antiguo amor por la joven Tamara, ahora casada con Mor n. El Conde -as le conocen sus amigos-, ir descubriendo que el aparente pasado perfecto sobre el que Rafael Mor n ha ido labrando su brillante carrera ocultaba ya sus sombras.'),
(1291, 'Vientos de cuaresma', 1992, 'vientos.jpg', 'Cuaresma.pdf', '', 'En los infernales días de la primavera cubana en que llegan los vientos calientes del sur, coincidiendo con la Cuaresma, al teniente Mario Conde, que acaba de conocer a Karina, una mujer bella y deslumbrante, aficionada al jazz y al saxo, le encargan una delicada investigación. Una joven profesora de química del mismo preuniversitario donde años atrás estudió el Conde ha aparecido asesinada en su apartamento, en el que aparecen además restos de marihuana. Así, al investigar la vida de la profesora, de impoluto expediente académico y político, el Conde entra en un mundo en descomposición, donde el arribismo, el tráfico de influencias, el consumo de drogas y el fraude revelan el lado oscuro de la sociedad cubana contemporánea. Paralelamente, el policía, enamorado de la bella e inesperada mujer, vive días de gloria sin imaginar el demoledor desenlace de esa historia de amor. Llevada al cine en 2016 Como Vientos de La Habana por Félix Viscarret con Jorge Perugorría y Juana Acosta como protagonistas principales.'),
(1292, 'Quién mató a Cristián Kustermann?', 1993, 'quien.jpg', 'Cristian.pdf', '', ''),
(1293, 'Mácaras', 1995, 'mascaras.jpg', 'Mascaras.pdf', '', 'En la tupida arboleda del Bosque de La Habana aparece un 6 de agosto, el día en que la Iglesia celebra la transfiguración de Jesús, el cuerpo de un travestí con el lazo de seda roja de la muerte aún al cuello. Para mayor zozobra del Conde –el policía encargado de la investigación–, aquella mujer «sin los beneficios de la naturaleza», vestida de rojo, resulta ser Alexis Arayán, hijo de un respetado diplomático del régimen cubano. La investigación se inicia con la visita del Conde al impresionante personaje del Marqués, hombre de letras y de teatro, homosexual desterrado en su propia tierra en una casona desvencijada, especie de excéntrico santo y brujo a la vez, culto, inteligente, astuto y dotado de la más refinada ironía. Poco a poco, el Conde va adentrándose en el mundo hosco en el que le introduce ladinamente el Marqués, poblado de seres que parecen todos portadores de la verdad de Alexis Arayán... Pero ¿dónde, en semejante laberinto, encontrará el Conde su verdad?'),
(1294, 'La bailarina y el inglés', 2009, 'bailarina.jpg', 'bailarina.pdf', '', ''),
(1295, 'El día de mañana', 2011, 'manana.jpg', 'diamanana.pdf', '', ''),
(1296, 'La prueba', 2010, 'prueba.jpg', '0', '', ''),
(1297, 'La tristeza del samurái', 2011, 'samurai.jpg', 'Samurai.pdf', '', 'Extremadura 1941 / Barcelona 1981. Dos tramas se desarrollan de forma paralela; una en Extremadura en el año 1941; la otra en Barcelona en 1981. Un crimen cometido durante la posguerra española produce consecuencias en tres generaciones de la familia Alcalá y en aquellos que se han cruzado en sus vidas durante cuarenta años. Complots, secuestros, asesinatos, torturas, violencia machista, son algunos ingredientes de esta fantástica novela. Con un estilo descriptivo pero no por ello lento, el autor narra los acontecimientos ocurridos y poco a poco va entrelazando los personajes de ambas tramas, entrando en la psicología de cada uno de ellos. El resultado es una magnífica novela de intriga e investigación, de sentimientos y rencores, de amor y odio, de ambición y dolor, de hipocresía y sobre todo de culpa, una lacra que se transmite de generación en generación, donde los hijos heredan los delitos de los padres y los nietos los de sus abuelos. Una novela que atrapa al lector desde el primer momento.'),
(1298, 'Galveston', 2010, 'galveston.jpg', 'galveston.pdf', '', ''),
(1299, 'El huérfano', 2012, 'huerfano.jpg', 'Huerfano.pdf', '', ''),
(1300, 'El último paraíso', 2015, 'paraiso.jpg', 'paraiso.pdf', '', ''),
(1301, 'Demasiados héroes', 2009, 'demasiados.jpg', 'demasiados.pdf', '', 'Lorenza y Mateo llegan a Buenos Aires en busca de Ramón, el antiguo amante de Lorenza y padre de Mateo, de quien ella se enamoró durante la «guerra sucia» argentina, cuando los dos eran apasionados militantes que se oponían a la dictadura de Videla.\r\nLorenza, que llegó a la edad adulta en medio del torbellino político de los sesenta, reflexiona sobre sus antiguas convicciones ideológicas y emocionales; su hijo, un chico de los noventa a quien no le interesan en absoluto la política ni la ideología, busca a su padre real, el de carne y hueso.\r\nDemasiados héroes narra la distancia entre una madre y un hijo. Una pareja curiosa y volátil, cuyas batallas a veces hilarantes están acentuadas por la absoluta falta de comprensión mutua, y amenazan con pasar de la cercanía inevitable y el humor inesperado al caos destructor. '),
(1302, 'Paisaje de otoño', 1998, 'paisaje.jpg', 'otono.pdf', '', 'Con Paisaje de otoño, Leonardo Padura cierra brillantemente la serie de cuatro novelas protagonizadas por el teniente investigador Conde, a quien ya conocíamos desde la anterior entrega, Máscaras, y que ahora, a punto de cumplir treinta y seis años, intuye que está cerrándose una etapa de su vida y que se aproxima el momento de tomar decisiones quizás irrevocables. Una noche de otoño, unos pescadores descubren un cadáver en la playa del Chivo, en La Habana. La víctima, Miguel Forcade Mier, ha sido asesinada con una saña brutal, casi inexplicable. Este crimen removerá una antigua trama de corrupciones y viejas ambiciones frustradas, ya que, en efecto, en los años sesenta Forcade había dirigido oficialmente las expropiaciones de bienes artísticos requisados a la burguesía tras la Revolución. Pero, después de acumular poder, influencia y, seguramente, no pocas envidias y resentimientos, en 1978 Forcade decide, sin motivo aparente, sumarse al exilio de Miami. Sin embargo, poco antes de su asesinato, había vuelto misteriosamente a Cuba, casi como si hubiera querido recuperar algo muy valioso y cuya existencia sólo él conocía...'),
(1303, 'La luz que no puedes ver', 2014, 'luz.jpg', 'luz.pdf', '', 'Marie-Laure es una joven ciega que debe refugiarse con su padre en la ciudad de Saint-Malo después de que los nazis ocupen París. Werner es un muchacho huérfano criado en un pueblo minero de Alemania con un talento especial para construir y arreglar radios que no ha pasado desapercibido a las Juventudes Hitlerianas.\r\nEn la última noche antes de la liberación de Saint-Malo los caminos de Werner y Marie-Laure se cruzarán cambiando sus vidas para siempre.\r\nDestinados a ser enemigos naturales y obligados a crecer entre la destrucción, los inolvidables protagonistas de La luz que no puedes ver se convertirán en pequeños héroes cuya inocencia vencerá incluso a la guerra.'),
(1304, 'Raylan', 2012, 'raylan.jpg', 'raylan.pdf', '', 'Raylan es un agente de la policía judicial, un federal con muy malas pulgas que salido de Kentucky estuvo trabajando en Miami hasta que ejecutó a plena luz del día y en público a un mafioso local al que llevaba tiempo persiguiendo.\r\nTrasladado a su Kentucky natal se ve obligado a ejercer su profesión entre paletos, delincuentes, racistas y gente cuya violencia extrema se prende con más virulencia y rapidez que la mecha de un cartucho de dinamita.\r\nRaylan se ha criado entre ellos e incluso antes de hacerse federal, trabajo en las minas de carbón que abastecen a toda la región. Conoce a los vecinos del peligroso condado de Harlan, sabe los bueno y lo malo que se puede esperar de los que son en realidad sus amigos y vecinos de toda la vida.'),
(1305, 'El arte de la resurrección', 2010, 'resurreccion.jpg', 'resurreccion.pdf', '', ''),
(1306, 'El arte de matar dragones', 2003, 'matardragones.jpg', 'matardragones.pdf', '', '1939. El joven teniente Arturo Andrade recibe un encargo del Alto Estado Mayor: encontrar una obra de arte perteneciente al Museo del Prado que ha sido misteriosamente extraviada durante la República. Se trata de El arte de matar dragones, una enigmática tabla anónima del siglo xiv cuya recuperación es exigida por el mismo Serrano Suñer.\r\n¿Qué se esconde tras esta desaparición? Arturo no sabe que la búsqueda del cuadro lo llevará a destapar el tráfico de obras de arte y de armas durante los años más duros de la reciente historia de España, pero también, en el camino, a descubrirse a sí mismo.\r\nUn pasado turbio y políticamente secreto hace de Andrade una presa fácil de las pasiones humanas y del amor irrefrenable hacia lo ideal. La obsesión por el cuadro crecerá en el teniente junto al dolor por la mujer amada y por el antiguo código de honor perdido, ambos sueños inalcanzables. '),
(1307, 'El tiempo de los emperadores extraños', 2006, 'emperadores.jpg', 'emperadores.pdf', 'Silencioenlanieve.mp4', 'Invierno de 1943. Frente de Leningrado. Un soldado de la División Azul es hallado sin vida en un lago, con una enigmática frase grabada en su pecho: «Mira que te mira Dios». Será el primero de una cadena de crímenes tan brutales como inconexos.\r\nUn soldado de oscuro pasado y un fiel sargento del Ejército reciben la misión de encontrar el móvil y al culpable, pero no hallarán facilidades de parte de una cúpula militar llena de secretos... De su mano se irán despejando los misterios de una historia en la que nada es lo que parece, y donde los pasos nos encaminan hacia un lugar en el que reina el horror, el vacío, el absurdo, los emperadores extraños.\r\nIgnacio del Valle integra historia y ficción en una trama dominada por el suspense y de una intensidad que nunca decae. Los inquietantes rituales masónicos que rodean los crímenes, las intrigas del poder militar, unos personajes a quienes la guerra despojó de toda humanidad llenan las páginas de esta sorprendente novela. Pero solo en una se halla la respuesta al enigma. Todo ello a cuarenta grados bajo cero.');
INSERT INTO `libros` (`cod_libro`, `nom_libro`, `ano`, `portada`, `nom_archivo`, `pelicula`, `comentario`) VALUES
(1308, 'Los demonios de Berlín', 2010, 'demoniosberlin.jpg', 'demoniosberlin.pdf', '', 'Berlín, 1945. Los soviéticos avanzan, imparables, por las calles llenas de escombros, la lucha es durísima en la ciudad y la derrota alemana inminente. El capitán Arturo Andrade, miembro del SIAEM (Sección de Información del Alto Estado Mayor), está en medio de ese caos. Su misión: hallar al asesino de Ewald von Kleist, un científico del programa atómico cuyo cuerpo ha sido hallado en la cancillería del Reich con un misterioso diagrama en los bolsillos.\r\nAsí comienza este thriller escrito con pasión y rigor documental que, con un ritmo que no da respiro al lector, relata otro caso del soldado de la División Azul Arturo Andrade, que vuelve a protagonizar uno de los episodios más siniestros de la historia contemporánea: el final de la segunda guerra mundial.'),
(1309, 'Dora Bruder', 1997, 'dora.jpg', 'dora.pdf', '', ''),
(1310, 'Un mundo feliz', 1932, 'feliz.jpg', 'feliz.pdf', '', ''),
(1311, 'El coronel no tiene quien le escriba', 1961, 'quienleescriba.jpg', 'quienleescriba.pdf', 'notienequienleescriba.mp4', 'El coronel no tiene quien le escriba fue escrita por Gabriel García Márquez durante su estancia en París, adonde había llegado como corresponsal de prensa y con la secreta intención de estudiar cine, a mediados de los años cincuenta. El cierre del periódico para el que trabajaba le sumió en la pobreza, mientras redactaba en tres versiones distintas esta excepcional novela, que fue rechazada por varios editores antes de su publicación. Tras el barroquismo faulkneriano de La hojarasca , esta segunda novela supone un paso hacia la ascesis, hacia la economía expresiva, y el estilo del escritor se hace más puro y transparente. Se trata también de una historia de injusticia y violencia: un viejo coronel retirado va al puerto todos los viernes a esperar la llegada de la carta oficial que responda a la justa reclamación de sus derechos por los servicios prestados a la patria. Pero la patria permanece muda....\r\n'),
(1312, 'La broma', 1965, 'broma.jpg', 'broma.pdf', '', 'Publicado en Praga en 1967, con ciento veinte mil ejemplares agotados en breves días, y tildado dos años más tarde de «Biblia de la contrarrevolución», prohibido, retirado de todas las bibliotecas públicas, acogido en Francia por Louis Aragon como «una de las mayores novelas de nuestro siglo», presentado en Estados Unidos por Philip Roth y traducido a veintiún idiomas, La broma es un libro que forma parte del destino de la Europa contemporánea.\r\nEl autor nos advierte: «Es una novela de amor.» En efecto, es la novela de un amor tierno e insatisfecho por Lucie, joven trabajadora de enigmática sencillez, y de un amor-odio, sensual y cínico, que Ludvik experimenta por Helena, esposa de su enemigo: el doble canto melancólico de la división entre carne y alma. Pero se trata también de la novela de una broma extraviada en un mundo que ha perdido el sentido del humor. Una chanza fútil y mal comprendida ha roto la vida de Ludvik, aterrado al advertir que su tragedia personal quedará para siempre adherida al ridículo de un chiste. La comedia privada está enlazada con el gran espectáculo de la política, que se nos aparece como un equívoco de ilusiones sociales; la Historia, que era una diosa para Hegel, se ha convertido en un personaje de vodevil.\r\nEn esta novela, a un tiempo implacable y nostálgica, no sólo son objeto de indagación la Historia, el amor, la juventud, sino también el hombre mismo, los hombres. Jean-Paul Sartre lo indicó: «La pregunta que plantea Kundera es sumamente radical: ¿por qué debiéramos sentir amor por ellos? Sí, ¿por qué? Tal vez podremos responder a esta pregunta un día, tal vez nunca.» '),
(1313, 'El secreto de la modelo extraviada', 2015, 'extraviada.jpg', 'extraviada.pdf', '', 'En la nueva novela de Eduardo Mendoza, El secreto de la modelo extraviada, el detective loco que protagonizó El misterio de la cripta embrujada, El laberinto de las aceitunas y recientemente El enredo de la bolsa y la vida recuerda un caso aparentemente cerrado de los ochenta y no ceja en su empeño de resolverlo más de veinte años después. El detective más divertido de la narrativa española nos cuenta aquí su doble aventura:\r\n«Para el que ha pasado buena parte de su vida encerrado en un manicomio, aunque sea injustamente, como es mi caso, una reacción absurda no tiene nada de particular, aunque eso suponga meterse en líos. La cuestión es que un incidente trivial me trajo recuerdos y viajé al pasado (con la memoria, ya he dicho que no estoy loco). Años atrás me vi envuelto en un asunto feo. Habían asesinado a una modelo y me culpaban a mí. Por supuesto, sin razón: una modelo no haría caso a un tipo como yo ni asesinándola. Simplemente, había un oscuro enredo, estaba metida gente importante y pensaron que yo podía servir de cabeza de turco o de conejillo de indias, o como sea que se llame el desgraciado que paga los platos rotos. Para salvar el pellejo tuve que recurrir a mi ingenio y a métodos poco convencionales y pedir ayuda a personas de mi círculo, no siempre recomendables. No sé si salí bien parado del intento, pero salí. Ahora todo aquello ya es agua pasada. Sin embargo, un impulso me ha hecho volver sobre mis pasos, recorrer los antiguos escenarios, buscar a las personas que fueron protagonistas de aquel oscuro caso, y resolverlo por fin. Pero las cosas han cambiado. No sólo las personas y la forma de vivir, sino sobre todo la ciudad. En aquella época, Barcelona era una cochambre. Hoy es la ciudad más visitada y admirada. ¡Quién nos lo iba a decir! La Barcelona del presente no tiene nada que ver con la Barcelona del pasado. ¿O sí?».'),
(1314, 'Un día más con vida', 1976, 'undiamas.jpg', 'Undiamas.pdf', '', 'Segunda mitad del siglo XX: allí donde estalla una guerra o una revolución, donde se produce un golpe de Estado o hay un imperio que se desmorona, casi seguro que transcurren ante ese excepcional testigo de la historia in statu nascendi que es Ryszard Kapuscinski quien, en 1976, escribe Un día más con vida, que –junto con muchos lectores– considera su mejor obra. La revolución de los claveles anuncia el fin del colonialismo portugués y fija la proclamación de la independencia de Angola para el 11 de noviembre de 1975. Tres meses antes, Kapuscinski se instala en Luanda, donde asiste al «éxodo blanco»: observa cómo van abandonando el país médicos e ingenieros, bomberos, basureros y policías, corresponsales extranjeros y enviados especiales... Incluso los perros. Mientras, en su avance hacia la capital, la guerra por el poder en el futuro Estado soberano se recrudece por momentos, sembrando el caos, la desolación y la muerte.\r\nCuando está a punto de despegar el último avión y zarpa el último barco, se necesitan grandes dosis de valor –o de insensatez– para tomar la decisión de quedarse allí hasta la fecha señalada. Kapuscinski la toma: se quedará hasta el final. No porque sea un héroe o un loco, sino porque su innata curiosidad de periodista y el deseo –tan característico de él– de verlo todo con sus propios ojos para luego contar la verdad de lo vivido resultan más fuertes que el miedo a morir de un balazo (o por deshidratación). Un día más con vida, el más personal y literario de sus libros, se aleja mucho de lo que identificamos como relato de un reportero. Se trata más bien de un diario íntimo, escrito por un ser humano al límite de sus fuerzas, abrumado por su soledad y consciente de su indefensión ante la amenaza de muerte que se cierne sobre su cabeza. Al igual que sobre las cabezas de tantos angoleños, soldados y civiles, que protagonizan el libro.'),
(1315, 'Unos por otros', 2006, 'unosporotros.jpg', 'Unosporotros.pdf', '', '1949. Harto de ocuparse del hotel de su suegro situado a un paso del campo de concentración de Dachau, en Alemania, y con su esposa ingresada en un centro psiquiátrico, el sardónico detective Bernhard Gunther ha decidido ir tras los pasos de un famoso sádico, uno de los muchos espías de las SS capaz de infiltrarse en las filas de los aliados y encontrar refugio en América. Pero, como suele ocurrir, nada es lo que parece y Gunther se encontrará navegando en un mar mortal habitado por ex nazis que huyen de la persecución y de las organizaciones secretas que facilitan la huida a los verdugos del Tercer Reich. '),
(1316, 'El libro de las ilusiones', 2002, 'libroilusiones.jpg', 'ilusiones.pdf', '', 'David Zimmer, un escritor y profesor de literatura de Vermont, ya no es ni la sombra de sí mismo. Se pasa los días bebiendo y cavilando sobre el último instante en que su vida aún podría haber cambiado, el minuto aquel en que su mujer y sus hijos todavía no habían subido al avión que estalló. Hasta que una noche, mirando casi sin ver la televisión, y por primera vez tras seis meses de deambular en el vacío, algo lo hace reír. El causante del ínfimo milagro es Hector Mann, uno de los últimos cómicos del cine mudo. Y David Zimmer descubre que aún no ha tocado fondo, que todavía quiere vivir. Comenzará entonces su investigación para escribir un libro sobre Mann, un joven, brillante, enigmático cómico nacido en Argentina, una de cuyas últimas películas, Don Nadie, cuenta la historia de un hombre a quien un pérfido amigo convence de que beba una poción que lo hace desaparecer. Y anticipa la propia historia del actor, que hace sesenta años se desvaneció sin que jamás se supiera nada más de él, ni apareciera su cadáver. Zimmer consigue acabar su libro y lo publica, y tres meses después recibe una carta de una mujer que afirma ser la esposa de Hector Mann, y lo invita a que vaya a verlos a ella y a su marido a Tierra del Sueño, en Nuevo México. Zimmer le pide pruebas, piensa que puede ser una impostora, o una chiflada. Hasta que una noche, una extraña joven llama a su puerta y, amenazándolo con una pistola, lo obliga a acompañarla...'),
(1317, 'Nudos y cruces', 1987, 'nudos.jpg', 'Nudos.pdf', '', 'Dos inocentes niñas han sido secuestradas y asesinadas en Edimburgo para asombro de la opinión pública, que se ha visto conmocionada ante tal crimen. El veterano inspector John Rebus, alcohólico y fumador empedernido, tomará parte en la investigación cuando una tercera menor desaparezca bajo las mismas circunstancias. Pronto el asesino comenzará a enviar pistas que quizá solo Rebus podrá descifrar.\r\nSegunda novela del reconocido Ian Rankin, ganador de algunos de los más prestigiosos premios literarios de género negro, y con la que da inicio a la saga del inspector de policía John Rebus, el personaje más conocido de toda su producción.'),
(1318, 'El complot mongol', 1969, 'complot.jpg', 'Mongol.pdf', '', '1964, México D.F.: Los servicios secretos estadounidenses y soviéticos están convencidos de que los chinos planean asesinar al presidente de EE. UU. durante su próxima visita a la ciudad. Para desmontar el complot se ponen en contacto con Filiberto García, un detective privado poco escrupuloso que se autodefine como fabricante de muertos y que trabaja ocasionalmente para la policía mexicana. García hará cuanto esté en su mano por desbaratar sus planes. Publicada por primera vez en 1969, y considerada unánimemente como la novela que inauguró el género negro en México, El complot mongol es un emocionante thriller policiaco con tintes de humor y cargado de violencia que retrata la sordidez de los truculentos bajos fondos mexicanos. Su descripción del sistema social, económico y político del país no ha perdido ni un ápice de actualidad.'),
(1319, 'Factótum', 1980, 'factotum.jpg', 'Factotum.pdf', '', 'En esta novela autobiográfica de sus años de juventud, el autor nos describe la vida de su alter ego Henry Chinaski saltando de un empleo a otro, todos sórdidos, duros, sin sentido, emborrachándose a muerte, con la obsesión de follar, intentando materializar su vida de escritor y nos ofrece una visión brutalmente divertida y melancólicamente horrorizada de la ética del trabajo, de cómo doblega el «alma» de los hombres. Se ha dicho que Bukowski con su prosa lacónica, escueta y contundente como un uppercut es el novelista atroz de la gran selva urbana, de los desheredados, las prostitutas, los borrachos, los desechos humanos del Sueño Americano a nivel del arroyo, y se le ha comparado con Henry Miller, Céline y Hemingway.'),
(1320, 'Nos vemos allá arriba', 2013, 'nosvemos.jpg', 'nosvemos.pdf', '', 'Galardonada con el Premio Goncourt, ensalzada por los críticos y convertida en un auténtico fenómeno editorial en Francia —donde ya ha superado el medio millón de ejemplares vendidos—, esta novela es un emocionante canto a la capacidad de superación del ser humano y, a la vez, un fresco y atrevido retrato de una sociedad descompuesta por uno de los más crueles inventos del hombre: la guerra.\r\nEn noviembre de 1918, tan sólo unos días antes del armisticio, el teniente d’Aulnay-Pradelle ordena una absurda ofensiva que culminará con los soldados Albert Maillard y Édouard Péricourt gravemente heridos, en un confuso y dramático incidente que ligará sus destinos inexorablemente. Édouard, de familia adinerada y con un talento excepcional para el dibujo, ha sufrido una horrible mutilación y se niega a reencontrarse con su padre y su hermana. Albert, de origen humilde y carácter pusilánime, concilia el sueño abrazado a una cabeza de caballo de cartón y está dispuesto a lo indecible con tal de compensar a Édouard, a quien debe la vida. Y Pradelle, aristócrata venido a menos, cínico y mujeriego, está obsesionado con recuperar su estatus social.\r\nDe regreso en París, los tres excombatientes se rebelarán contra una realidad que los condena a la miseria y al olvido. Así, Édouard pergeña una ingeniosísima estafa con el fin de vengarse de su progenitor, que siempre lo repudió por su sensibilidad y sus habilidades artísticas. De paso quiere ayudar al fiel Albert, cuyo prurito es huir a las antípodas para olvidar a Cécile, su amor perdido. Aunque tal vez el más ambicioso sea Pradelle, que sacudirá la conciencia de Francia entera mediante una monumental operación delictiva concebida para amasar una rápida fortuna. Los escollos son considerables, pero la voluntad de los tres parece infinita.'),
(1321, 'El rojo en la pluma del loro', 2001, 'elrojo.jpg', 'elrojo.pdf', '', 'Alberto Ríos decide esconderse en La Habana -bajo la impostura de un técnico extranjero-, donde gozará de una completa libertad y a ninguno de sus enemigos se le ocurrirá buscarlo. Lo acompaña un pasado infausto que debe ocultar a toda costa. Allí conoce a Bini, exitosa jinetera (prostituta en Cuba) quien, a su vez, es la amante de Aldo Bianchi, argentino radicado en Roma que comenzara una relación con ella, inicialmente, para obtener cierta información sobre aquel siniestro personaje, al que se debe su espeluznante historia.'),
(1322, 'El síndrome de Mowgli', 2007, 'sindrome.jpg', 'sindrome.pdf', '', 'Rafael Montalbán tiene una forma poco ortodoxa de ganarse la vida: de jueves a sábado custodia la puerta de un club de alterne, y el resto de la semana ejerce de guardaespaldas ocasional y de cobrador de deudas por cuenta ajena.\r\nPero su vida no fue siempre así: veinte años atrás era un boxeador prometedor que estuvo a punto de luchar por el título de Campeón de Europa superwelter, pero las coasa se torcieron: se enamoró de la mujer que menos le convenía y acabó traicionando a la única persona que se había portado bien con él.\r\nAhora ha decidido empezar de nuevo, y cuando un periodista le propone ir a un programa de radio para contar su vida a los oyentes encuentra la excusa perfecta para expiar sus culpas. Pero eso no será más que el principio. Para volver al punto donde su existencia tomó un desvío equivocado y ajustar cuentas con el pasado deberá empreder un viaje que lo llevará desde Madrid hasta la costa de Cádiz, y luego a Lisboa.'),
(1323, 'Plata quemada', 1997, 'plataquemada.jpg', 'plataquemada.pdf', 'plataquemada.mp4', 'La novela está basada en una historia real, sucedida en 1965. Marcelo Nene Brignone, Carlos Cuervo Mereles y Roberto Gaucho Dorda, junto a Mario Malito, habían robado un camión de caudales en la localidad de San Fernando, provincia de Buenos Aires. El plan orquestado contó con la complicidad de la policía y políticos locales, y en el hecho los ladrones mataron a varias personas. En total, se alzaron con un botín de más de siete millones de pesos. Luego del golpe, los ladrones escaparon a Uruguay, donde fueron conocidos como los porteños del Liberaij, luego de que de Brignone, Mereles y Dorda fueran asesinados por la policía en un departamento del Edificio Liberaij, ubicado en la calle Julio Herrera y Obes entre Canelones y Maldonado, de la ciudad de Montevido. El tiroteo policial duró más de quince horas, y resultaron muertos dos policías más, además de Brignone, Mereles y Dorda.3? El hecho tuvo gran repercusión en la prensa de la época, tanto de Uruguay como de Argentina.'),
(1324, 'El imán y la brújula', 2007, 'iman.jpg', 'iman.pdf', '', 'En la Sevilla de 1926, Éctor Mena es requerido para recuperar dos películas tipo ''snuff'' que, junto a una tercera que acaba de salir al mercado negro, constituyen una trilogía filmada catorce años atrás. Los responsables eran siete jóvenes transgresores, admiradores de cualquier forma de malditismo en el arte y pertenecientes a lo más alto de la sociedad de la época, hasta el punto de que la casa real está interesada en su recuperación. En su búsqueda Éctor recibe la ayuda de Piancastelli, un individuo enigmático capaz de extraños prodigios, así como de Séptima, sobrina de uno de los miembros del grupo de realizadores de las películas. El recorrido que se hace por el Madrid de los años veinte, mientras se reconstruye la vida de cada integrante del grupo, contribuye a mostrar el cambio de época que está experimentando el país y a compender a los bandos que han terminado por hacer de las películas una cuestión de estado. En paralelo vemos a Jacinto Ortega, un aparente monstruo que se dedica a degollar niños para extraer su sangre. Cuando nos enteramos de que su hijo padece tuberculosis y que se ha descartado la posibilidad de curarle por medios convencionales, entendemos que casi nada es lo que inicialmente parece.'),
(1325, 'El mundo de afuera', 2014, 'afuera.jpg', 'afuera.pdf', '', 'El mundo de afuera transcurre en Medellín. Una especie de castillo se atisba en las frondosas afueras y de una puerta sale corriendo una niña rubia. Unos ojos miran cautivados esa presencia insólita y la niña se pierde en el bosque.\r\nEn 1971, el padre de esa niña, don Diego, ha sido secuestrado. El Mono es el cabecilla de los maleantes, cuya intención es pedir un rescate millonario a la familia. El Mono tiene otras razones que las económicas para secuestrar a don Diego: la obsesión amorosa por la hija de este, Isolda, una princesa rubia a quien el padre, amante de la ópera de Wagner, mantiene encerrada en el “castillo” para preservar su pureza y evitar el contagio con el mundo sucio que les rodea. Don Diego es germanófilo y se ha casado con Dita, una mujer alemana que dejó el Berlín nazi para vivir en la copia del castillo de La Rochefoucauld que su marido ha levantado en Medellín. Desde muy pequeña, Isolda ha tomado la costumbre de escapar al bosque, donde antes jugaba con conejos fantásticos que le tejían peinados, mientras el Mono la admiraba encaramado en los árboles.\r\nUna breve y hasta cierto punto sencilla novela sobre el amor y la muerte, poética y detallista, con un sobresaliente manejo de la tensión, y que, incorporando técnicas cinematográficas como elflashbacky la narración paralela, también bebe de fuentes como el cuento folclórico o la crónica de sucesos. '),
(1326, 'Yo fui Johnny Thunders', 2014, 'thunders.jpg', 'thunders.pdf', '', 'Francis, Mr. Frankie, decide regresar al lugar donde vivió las primeras cosas, su barrio. Se marchó de allí persiguiendo su particular sueño de rock’n’roll, que le llevó a acariciar con la punta de sus dedos una fama tóxica y efímera. Ahora Francis vuelve para dejar atrás la miseria y la drogadicción. Pero su viejo barrio son ruinas por donde aún deambulan su padre, su medio hermana, su primera novia y algún que otro amigo. Francis quiere empezar de nuevo y hacer las cosas bien. El problema son los atajos, las canciones de tres minutos, la imposibilidad de olvidar quién fue. Para Francis la línea recta es la distancia más retorcida entre dos puntos. De momento, sus facturas y sus noches no suele pagarlas él, pero esa situación no puede alargarse mucho más. Va a necesitar algo más que promesas para salir adelante. Eso sí, en una ocasión fue Johnny Thunders.\r\nEsta vibrante novela, traspasada por la poesía de los perdedores, retrata una Barcelona poblada de personajes que buscan desesperadamente una oportunidad que les permita ser alguien.'),
(1327, 'La dama del lago', 1943, 'damalago.jpg', 'damalago.pdf', '', 'Cuarta novela publicada por Raymond Chandler (1888-1959), “La dama del lago” (1943) fue una de sus obras de mayor éxito de público. Situada de forma estrictamente contemporánea, durante la Segunda Guerra Mundial, la acción, que desencadena la desaparición de una mujer, se desarrolla a caballo entre Los Ángeles y las montañas próximas a la ciudad. A diferencia de lo que ocurre en otras novelas de Chandler, como El sueño eterno o Adiós muñeca, en esta ocasión Marlowe no se ve mezclado con millonarios, mujeres explosivas o individuos de ocupaciones sospechosas, sino con personajes corrientes cuya condición, sin embargo, no los exime de la sujeción a las pasiones, la corrupción y el crimen. '),
(1328, 'El faro de los libros', 2010, 'faro.jpg', 'faro.pdf', '', 'En El faro de los libros, Adiga nos habla de la vida en la pequeña ciudad de Kittur, entre los años 1984 (asesinato de Indira Ghandi) y 1991 (asesinato de su hijo Rajiv). Bramanes y descastados, musulmanes y cristianos pueblan sus páginas, como Xerox un librero que fotocopia los ejemplares que va a vender y al que no le importa haber sido arrestado en 21 ocasiones porque el suyo es un oficio mejor que el de su padre, que apilaba excrementos. O Jayamma, la pequeña de ocho hijas, quien debe ponerse a trabajar porque sólo tenía dinero para casar a las primeras y que acaba enganchada el pegamento y que sólo se consuela con la pequeña estatua de Buda que posee.'),
(1329, 'Educación siberiana', 2009, 'siberiana.jpg', 'siberiana.pdf', 'siberiana.mp4', 'Basada en la experiencia personal del autor, esta novela relata la extraordinaria historia de los urcas, una insólita comunidad de bandidos siberianos que tienen el dudoso honor de ser los únicos oponentes a Stalin que fueron deportados desde Siberia en lugar de hacia Siberia, destino de miles de víctimas del régimen soviético. Recibida con efusivo entusiasmo por Roberto Saviano, la primera edición se agotó en pocas horas y desde entonces se ha convertido en uno de los libros del año en Italia.\r\nLos urcas fueron expulsados por el dictador ruso a la Transnistria, una larga franja entre Moldavia y Ucrania, aún hoy una tierra de nadie —en 1990 declaró su independencia, pero ningún estado la reconoce—, asolada por la corrupción, el crimen organizado y el contrabando.\r\nY precisamente allí nació y se crió Nikolái Lilin, en el seno de una gran familia que se enorgullece de no reconocer otra autoridad que la de sus ancianos, obligando a sus miembros a respetar un estricto código de conducta que les permite definirse a sí mismos como «criminales honestos». Con un profundo sentido de libertad y justicia, y exaltando valores como la lealtad, la humildad y la generosidad, los urcas no sólo prohíben las drogas, la violación y el desprecio hacia los débiles, sino que incluso castigan estos delitos con la muerte. Y como símbolo tangible de una ética tan peculiar, los tatuajes se presentan como un libro misterioso cuyas páginas custodian un lenguaje que nunca debe pronunciarse.\r\nApasionante y desgarradora, pero no exenta de sentido del humor, Educación siberiana es una gran epopeya personal relatada con una voz enormemente cercana y cautivadora.\r\n'),
(1330, 'Te quiero porque me das de comer', 2014, 'decomer.jpg', 'decomer.pdf', '', 'Max Luminaria era un chico muy callado. Sacó la mejor nota de selectividad de toda España y decidió estudiar Medicina. Una vez más, fue el mejor en los exámenes; el mejor en las prácticas y el mejor en el quirófano. Se lo rifaban todos los hospitales. No hubo cirujano más preciso ni vecino al que más quisieran los habitantes de Carabanchel. Lo saludaban por la calle. Le daban las gracias. Todos tenían a un familiar al que el doctor Maximiliano Luminaria había salvado la vida.\r\nSu vida, fuera del quirófano, era diferente, ¿o a lo mejor no? La realidad es que no podrás, nunca más, sentirte aliviado porque se haya descubierto al asesino, porque, querido lector, los asesinos caminan entre nosotros.'),
(1331, 'La estrategia del pequinés', 2013, 'pequines.jpg', 'pequines.pdf', '', '"El Rubio" dejó de delinquir hace décadas, pero la grave enfermedad de su mujer le hace replantearse las cosas cuando Júnior, un distribuidor local de cocaína, le propone actracar al testaferro de sus jefes en Gran Canaria. Para organizar el asalto, no le costará seducir al Palmera, un parado de larga duración cuyo sueño es abrir un bar, y a Cora, una prostituta de lujo que sospecha cercano el momento en que se esfumen sus encantos. La estrategia del pequinés es mostrarse fiero y aprovechar cualquier despiste del adversario para atacar y huir. Eso será lo que hagan los protagonistas de esta novela cuando descubran que le han pisado la cola a un tigre y se vean inmersos en una persecución frenética en la que irán dejando un rastro sangriento. Parados cincuentones, escorts venidas a menos, narcotraficantes, policías corruptos y blanqueadores de dinero pueblan esta novela negra de alto voltaje, una dura historia coral sobre perdedores en la que lo importante no es saber quién es el asesino, sino quién será el próximo en morir y, sobre todo, por qué"'),
(1332, 'El gran silencio', 2003, 'gransilencio.jpg', 'gransilencio.pdf', '', 'Roberto Esteban, un púgil retirado que en su juventud llegó a campeón de Europa de los pesos medios, se gana la vida como matón a sueldo, sin más amistades que un camarero lacónico y un diminuto pez luchador tailandés, ni más aficiones que el boxeo y la escucha obsesiva de una sola música: la Fantasía en Do Mayor de Schumann. Sin pretenderlo apenas, Esteban se ve arrastrado a una oscura búsqueda que le lleva desde los suburbios de Madrid -la ciudad que lleva marcada en la cara- hasta las playas mallorquinas. Una historia desgarradora sin buenos ni malos. '),
(1333, 'El guardián inivisible', 2012, 'invisible.jpg', 'guardian.pdf', 'guardian.mp4', 'Ainhoa Elizasu fue la segunda víctima del basajaun, aunque entonces la prensa todavía no lo llamaba así. Fue un poco más tarde cuando trascendió que alrededor de los cadáveres aparecían pelos de animal, restos de piel y rastros dudosamente humanos, unidos a una especie de fúnebre ceremonia de purificación. Una fuerza maligna, telúrica y ancestral parecía haber marcado los cuerpos de aquellas casi niñas con la ropa rasgada, el vello púbico rasurado y las manos dispuestas en actitud virginal.»\r\nEn los márgenes del río Baztan, en el valle de Navarra, aparece el cuerpo desnudo de una adolescente en unas circunstancias que lo ponen en relación con un asesinato ocurrido en los alrededores un mes atrás.\r\nLa inspectora de la sección de homicidios de la Policía Foral, Amaia Salazar, será la encargada de dirigir una investigación que la llevará devuelta a Elizondo, una pequeña población de donde es originaria y de la que ha tratado dehuir toda su vida. Enfrentada con las cada vez más complicadas derivaciones del caso y con sus propios fantasmas familiares, la investigación de Amaia es una carrera contrarreloj para dar con un asesino que puede mostrar el rostro más aterrador de una realidad brutal al tiempo que convocar a los seres más inquietantes de las leyendas del Norte.'),
(1334, 'La noche de los alfileres', 2016, 'alfileres.jpg', 'alfileres.pdf', '', 'Los cuatro protagonistas de La noche de los alfileres son cuatro bachilleres limeños, cuatro inadaptados en un colegio bien que está justo en el límite entre la ciudad de los blancos y los barrios de los cholitos. Cuatro balas perdidas: Manu es el macarra; Beto, el secretamente homosexual; Moco, el descontrolado y Carlos, el demasiado inteligente. Cada uno trae su equipaje: familias desestructuradas, virilidad opresiva, fracaso escolar, impaciencia sexual...\r\nUn día, una profesora le toma la matrícula al grupo, les empieza a hacer la vida imposible. Los chicos, entonces, fantasean con secuestrarla, devolverle las humillaciones, hacerle daño. ¿Suena lejanamente? ¿Alguien pensó algo así, alguna vez, en BUP? "Sé que todo el mundo reconoce a los demás en los personajes de una novela, pero nadie se reconoce a sí mismo", dice Roncagliolo. Bueno. La diferencia entre nuestros instintos asesinos y los personajes de su novela es que Manu y compañía pasan a la acción y se llevan a la profesora a un sótano donde la amordazan.'),
(1335, 'La víspera de casi todo', 2016, 'vispera.jpg', 'vispera.pdf', '', 'Germinal Ibarra es un policía desencantado al que persiguen los rumores y su propia conciencia. Hace tres años que decidió arrastrar su melancolía hasta una comisaría de La Coruña, donde pidió el traslado después de que la resolución del sonado caso del asesinato de la pequeña Amanda lo convirtiera en el héroe que él nunca quiso ni sintió ser. Pero el refugio y anonimato que Germinal creía haber conseguido queda truncado cuando una noche lo reclama una mujer ingresada en el hospital con contusiones que muestran una gran violencia. \r\nUna misteriosa mujer llamada Paola que intenta huir de sus propios fantasmas ha aparecido hace tres meses en el lugar más recóndito de la costa gallega. Allí se instala como huésped en casa de Dolores, de alma sensible y torturada, que acaba acogiéndola sin demasiadas preguntas y la introduce en el círculo que alivia su soledad.\r\nEl cruce de estas dos historias en el tiempo se convierte en un mar con dos barcos en rumbo de colisión que irán avanzando sin escapatoria posible.'),
(1336, 'El cuajarón', 1971, 'cuajaron.jpg', 'cuajaron.pdf', '', 'El protagonista es un novillero, aspirante a matador, que salta del campo a la ciudad con toda su carga de angustias y desventuras.  La obra, aún cuando no sea una novela propiamente taurina, constituye una espléndida sátira de ese mundillo de los toros, que logra evitar ágilmente los tópicos al uso para así dejarlos más en evidencia.  La trama argumental discurre alternativamente, a ritmo quebrado, perfectamente acorde con la pesadilla que Goyo, el protagonista, está soñando, en la difícil convivencia del sueño y el desengaño, en la extraña cercanía de lo que es verdad y de lo que sólo fue posible.  Sin embargo, la novela posee una unidad esencial, perfectamente arropada en una gran fuerza del lenguaje, entre el aguafuerte de aire andaluz y las situaciones de matizada poesía.'),
(1337, 'Los cuerpos extraños', 2014, 'cuerpos.jpg', 'cuerpos.pdf', '', 'Mientras pasa el fin de semana en familia, el brigada Bevilacqua recibe el aviso de que el cadáver de la alcaldesa de una localidad levantina, cuya desaparición había sido previamente denunciada por el marido, ha sido hallado por unos turistas en la playa. Para cuando Bevilacqua y su equipo llegan y se hacen cargo de la investigación, el juez ya ha levantado el cadáver, las primeras disposiciones están tomadas y se está preparando el funeral. El lugar es un avispero en el que se desatan todo tipo de rumores sobre la víctima, una joven promesa que venía a romper con los modos y corruptelas de los viejos mandarines del partido y que apostaba por renovar el modo de hacer política. Además, el descubrimiento de su agitada vida sexual, que puede calificarse de todo menos insípida, arroja sobre el caso una luz perturbadora. Pero no hay mucho tiempo para indagar y en esta ocasión Bevilacqua y Chamorro deben apresurar una hipótesis en un fuego de intereses cruzados, en el que la causa de la joven política es también la causa de la integridad personal, de la que el país entero parece haberse apeado.'),
(1338, 'Expediente Barcelona', 1983, 'expedientebarna.JPG', 'expedientebarna.pdf', '', 'Al despacho de un abogado de cuarta acuden a solicitar unas comprometedoras pruebas de paternidad, que implican a Ramón Masnou, hombre influyente de la burguesía catalana conectado con peligrosos revolucionarios. Abierto el tarro de las esencias, pasearemos por la Barcelona de los meublés, los antros, los cines de sesión doble, y por las cárceles... Todo ello para destapar una trama con la que recorreremos la historia de la Ciudad Condal desde la sufrida posguerra hasta una Transición que quizás ha sido asumida con cierta ingenuidad. Aquí podremos saborear el sexismo de Henry Miller, un cierto humor grotesco y, ante todo, una precisa recreación del ambiente de los barrios.'),
(1339, 'Patria', 2016, 'patria.jpg', 'patria.pdf', '', 'El día en que ETA anuncia el abandono de las armas, Bittori se dirige al cementerio para contarle a la tumba de su marido el Txato, asesinado por los terroristas, que ha decidido volver a la casa donde vivieron. ¿Podrá convivir con quienes la acosaron antes y después del atentado que trastocó su vida y la de su familia? ¿Podrá saber quién fue el encapuchado que un día lluvioso mató a su marido, cuando volvía de su empresa de transportes? Por más que llegue a escondidas, la presencia de Bittori alterará la falsa tranquilidad del pueblo, sobre todo de su vecina Miren, amiga íntima en otro tiempo, y madre de Joxe Mari, un terrorista encarcelado y sospechoso de los peores temores de Bittori. ¿Qué pasó entre esas dos mujeres? ¿Qué ha envenenado la vida de sus hijos y sus maridos tan unidos en el pasado? Con sus desgarros disimulados y sus convicciones inquebrantables, con sus heridas y sus valentías, la historia incandescente de sus vidas antes y después del cráter que fue la muerte del Txato, nos habla de la imposibilidad de olvidar y de la necesidad de perdón en una comunidad rota por el fanatismo político.'),
(1340, 'Ladrones de tinta', 2005, 'ladrones.jpg', 'tinta.pdf', '', 'Diez años después de que Francisco Robles editara El ingenioso hidalgo don Quijote de la Mancha, un tal Alonso Fernández de Avellaneda osa publicar una segunda parte. Robles, furioso porque alguien interfiere en su negocio, encarga a un empleado, Isidoro de Montemayor, que encuentre a Avellaneda y le ajuste las cuentas. Eso no resulta tan fácil, pues Montemayor descubre que Avellaneda no existe y que tras ese nombre se esconde un individuo que quiere llevar a Cervantes a la hoguera acusándolo de cornudo y homosexual.'),
(1341, 'La mala hora', 1962, 'malahora.jpg', 'malahora.pdf', '', 'La guerra civil es del pasado, pero se vive una paz desagradable, que hace respirar un aire denso, donde el bando ganador, conservador, no escatima en gestos para incomodar a los antiguos adversarios, liberales; de manera solapada los asedian constantemente, lo que probablemente generará continuar el conflicto armado. César Montero, un vecino del lugar, acaba de asesinar de un escopetazo a Pastor, un cantor bastante popular, supuesto amante de su mujer. La causa para tal especulación: un pasquín que apareció pegado en la puerta de su casa. Pero es sólo otro de tantos panfletos que han venido apareciendo en el pueblo, notas que revelan secretos de los habitantes, algunos supuestos y otros tan ciertos que no necesitaban tan burdos mensajes. Se puede decir que los pasquines, que algunos consideran una tontería, representan la materialización inicial de esa violencia colectiva que hace tambalear esa paz del momento, y el asesinato que se relata, probablemente el detonador para continuar la guerra. Para este pueblo ha llegado la mala hora...'),
(1342, 'La pena máxima', 2014, 'pena.jpg', 'pena.pdf', '', 'Lima 1978. Un hombre que porta una mochila sospechosa es perseguido por las calles de uno de los barrios más populares de la ciudad y asesinado a plena luz del día. Pero nadie ha visto nada. El asesino ha elegido el momento perfecto para cometer su crimen: la ciudad se halla en ese instante desierta y concentrada ante el televisor. La selección peruana se juega mucho en el Mundial de fútbol de Argentina. Ocho años después de la publicación de Abril rojo (Premio Alfaguara de novela 2006), su protagonista, Félix Chacaltana, se enfrenta a una nueva serie de crímenes. Estamos en un momento crucial para la historia de Perú. Con la operación Cóndor como telón de fondo, el país se esfuerza por salir de la oscuridad de la dictadura militar con la celebración de las primeras elecciones democráticas en mucho tiempo. Parece que también ha llegado el momento del cambio para Chacaltana, quien se debate entre la obediencia a una madre dominante y su amor por Cecilia, entre el reparo a salir de la protección que supone una vida ordenada y monótona, llena de reglas y procedimientos, y la lealtad a su amigo Joaquín.'),
(1343, 'Subsuelo', 2015, 'subsuelo.jpg', 'k', '', 'Un cuerpo vivo que se cambia por un cadáver. Una piscina. Un flash. El pantano. Y los mellizos, que comparten un secreto del que no parece fácil escapar. Como un murmullo bajo la tierra centenaria, la indiferencia adolescente se puede ver truncada por la calma del agua; apenas un instante dentro de aquella noche que suda veneno. Familia, recuerdos, pasado. Hormigas. Las raíces escondidas que siempre están presentes y tan activas: apretando el músculo de la sentencia. Como el pulso a dos manos que obliga a soluciones suicidas. Como el cordón umbilical que une y separa, que ata y aprieta. Hasta la muerte. Hasta la culpa. Dos veranos son suficientes para que la parcela del valle se convierta en el escenario de una perfecta tortura emocional.\r\nMarcelo Luján nos sumerge con oficio en un relato de una fuerza y crudeza arrolladoras, y nos brinda una novela memorable, alentada por un sobrio lirismo y sostenida sobre un formidable pulso narrativo.\r\n'),
(1344, 'El informe de Brodeck', 2008, 'brodeck.jpg', 'kk', '', NULL),
(1345, 'Sangre bajo cero', 1998, 'sangrecero.jpg', 'jj', '', NULL);

-- --------------------------------------------------------

--
-- Table structure for table `libro_premios`
--

CREATE TABLE `libro_premios` (
  `cod_libro` int(11) NOT NULL,
  `cod_premio` int(11) NOT NULL
) ENGINE=InnoDB DEFAULT CHARSET=latin1;

--
-- Dumping data for table `libro_premios`
--

INSERT INTO `libro_premios` (`cod_libro`, `cod_premio`) VALUES
(1001, 2),
(1004, 2),
(1005, 2),
(1006, 2),
(1007, 2),
(1008, 2),
(1009, 2),
(1012, 2),
(1014, 2),
(1016, 2),
(1019, 2),
(1021, 9),
(1024, 16),
(1034, 2),
(1035, 2),
(1044, 14),
(1044, 18),
(1045, 2),
(1048, 2),
(1052, 8),
(1055, 30),
(1057, 24),
(1066, 20),
(1067, 20),
(1068, 20),
(1084, 8),
(1084, 9),
(1088, 9),
(1100, 2),
(1103, 132),
(1141, 11),
(1142, 25),
(1149, 9),
(1152, 33),
(1160, 134),
(1163, 13),
(1168, 13),
(1171, 2),
(1171, 14),
(1179, 14),
(1183, 15),
(1188, 2),
(1201, 30),
(1201, 31),
(1202, 16),
(1204, 17),
(1207, 16),
(1207, 31),
(1208, 15),
(1210, 15),
(1211, 7),
(1217, 17),
(1218, 9),
(1218, 20),
(1218, 23),
(1218, 28),
(1219, 17),
(1220, 19),
(1221, 11),
(1223, 17),
(1226, 13),
(1229, 20),
(1230, 8),
(1232, 16),
(1234, 13),
(1237, 15),
(1241, 13),
(1242, 15),
(1247, 16),
(1255, 11),
(1262, 132),
(1265, 2),
(1267, 15),
(1270, 132),
(1272, 9),
(1272, 17),
(1279, 25),
(1289, 2),
(1299, 16),
(1300, 13),
(1302, 23),
(1303, 16),
(1305, 17),
(1320, 25),
(1322, 130),
(1324, 23),
(1325, 17),
(1326, 23),
(1331, 23),
(1335, 15),
(1336, 15),
(1339, 9),
(1339, 34),
(1340, 19),
(1343, 23),
(1345, 132);

-- --------------------------------------------------------

--
-- Table structure for table `paises`
--

CREATE TABLE `paises` (
  `cod_pais` int(3) NOT NULL DEFAULT '0',
  `nom_pais` text,
  `bandera` varchar(25) NOT NULL
) ENGINE=InnoDB DEFAULT CHARSET=latin1;

--
-- Dumping data for table `paises`
--

INSERT INTO `paises` (`cod_pais`, `nom_pais`, `bandera`) VALUES
(0, 'Ningún país', 'sinbandera.jpg'),
(1, 'España', 'espana.png'),
(2, 'Perú', 'peru.png'),
(3, 'Inglaterra', 'inglaterra.png'),
(4, 'Colombia', 'colombia.png'),
(5, 'Uruguay', 'uruguay.png'),
(6, 'Estados Unidos', 'eeuu.png'),
(7, 'Portugal', 'portugal.png'),
(8, 'India', 'india.jpg'),
(9, 'Chile', 'chile.jpg'),
(10, 'Italia', 'italia.png'),
(11, 'Alemania', 'alemania.png'),
(12, 'Suecia', 'suecia.jpg'),
(13, 'Irlanda', 'irlanda.gif'),
(14, 'Francia', 'francia.png'),
(15, 'Rusia', 'rusia.jpg'),
(16, 'Méjico', 'mexico.jpg'),
(17, 'Polonia', 'polonia.png'),
(18, 'Ghana', 'ghana.jpg'),
(19, 'Brasil', 'brasil.jpg'),
(20, 'País de Gales', 'gales.png'),
(21, 'Argentina', 'argentina.gif'),
(22, 'República Checa', 'chequia.jpg'),
(23, 'Suiza', 'suiza.gif'),
(24, 'Bélgica', 'belgica.png'),
(25, 'Cuba', 'cuba.gif'),
(26, 'Escocia', 'escocia.png'),
(27, 'Sudáfrica', 'sudafrica.png'),
(28, 'Canadá', 'canada.gif'),
(29, 'Finlandia', 'finlandia.gif'),
(30, 'Grecia', 'grecia.png'),
(31, 'Afganistán', 'afganistan.png'),
(32, 'Irán', 'iran.gif'),
(33, 'Venezuela', 'venezuela.gif'),
(34, 'Rep. Dominicana', 'dominicana.jpg');

-- --------------------------------------------------------

--
-- Table structure for table `premios`
--

CREATE TABLE `premios` (
  `cod_premio` int(3) NOT NULL DEFAULT '0',
  `nom_premio` text NOT NULL,
  `cod_pais` int(3) NOT NULL DEFAULT '0',
  `tipo` char(1) NOT NULL DEFAULT ''
) ENGINE=InnoDB DEFAULT CHARSET=latin1;

--
-- Dumping data for table `premios`
--

INSERT INTO `premios` (`cod_premio`, `nom_premio`, `cod_pais`, `tipo`) VALUES
(1, 'Nobel de literatura', 12, 'A'),
(2, 'Planeta', 1, 'L'),
(3, 'Cervantes', 1, 'A'),
(4, 'Ateneo', 1, 'L'),
(5, 'Príncipe de Asturias', 1, 'A'),
(6, 'Premio de la Libertad', 23, 'A'),
(7, 'Nacional de Literatura', 0, 'L'),
(8, 'Biblioteca Breve', 1, 'L'),
(9, 'De la crítica española', 1, 'L'),
(10, 'Prix Formentor', 1, 'L'),
(11, 'Booker', 0, 'L'),
(12, 'Premio Primavera de Novela', 1, 'L'),
(13, 'Fernando Lara', 1, 'L'),
(14, 'Nacional de Narrativa', 1, 'L'),
(15, 'Nadal', 1, 'L'),
(16, 'Pulitzer', 6, 'L'),
(17, 'Alfaguara', 1, 'L'),
(18, 'Torrente Ballester', 1, 'L'),
(19, 'Ciudad de Zaragoza', 1, 'L'),
(20, 'Rómulo Gallegos', 33, 'L'),
(21, 'Jerusalem Prize', 28, 'A'),
(22, 'Europa-Literatura', 0, 'A'),
(23, 'Hammett', 1, 'L'),
(24, 'Azorín', 1, 'L'),
(25, 'Goncourt', 14, 'L'),
(26, 'Raymond Chandler', 10, 'A'),
(27, 'Café Gijón', 1, 'L'),
(28, 'Casa de las Américas', 25, 'L'),
(29, 'José Donoso', 9, 'A'),
(30, 'Ciudad de Barcelona', 1, 'L'),
(31, 'National Book Critics Circle Award', 6, 'L'),
(32, 'Frank Kafka', 22, 'A'),
(33, 'Hammett Prize', 6, 'L'),
(34, 'Francisco Umbral', 1, 'L'),
(70, 'Novepol', 1, 'A'),
(71, 'Planeta Argentina', 21, 'A'),
(130, 'Luis Berenguer', 1, 'L'),
(131, 'José Donoso', 9, 'A'),
(132, 'Edgar', 6, 'L'),
(133, 'Barry', 6, 'L'),
(134, 'Tigre Juan', 1, 'L');

--
-- Indexes for dumped tables
--

--
-- Indexes for table `autores`
--
ALTER TABLE `autores`
  ADD PRIMARY KEY (`cod_autor`),
  ADD KEY `nacionalidad` (`nacionalidad`);

--
-- Indexes for table `autor_libro`
--
ALTER TABLE `autor_libro`
  ADD PRIMARY KEY (`cod_autor`,`cod_libro`),
  ADD KEY `cod_autor` (`cod_autor`),
  ADD KEY `cod_libro` (`cod_libro`);

--
-- Indexes for table `autor_premio`
--
ALTER TABLE `autor_premio`
  ADD PRIMARY KEY (`cod_autor`,`cod_premio`,`anio`),
  ADD KEY `cod_premio` (`cod_premio`);

--
-- Indexes for table `libros`
--
ALTER TABLE `libros`
  ADD PRIMARY KEY (`cod_libro`),
  ADD UNIQUE KEY `cod_libro` (`cod_libro`),
  ADD KEY `cod_libro_2` (`cod_libro`);

--
-- Indexes for table `libro_premios`
--
ALTER TABLE `libro_premios`
  ADD PRIMARY KEY (`cod_libro`,`cod_premio`),
  ADD KEY `cod_premio` (`cod_premio`);

--
-- Indexes for table `paises`
--
ALTER TABLE `paises`
  ADD PRIMARY KEY (`cod_pais`);

--
-- Indexes for table `premios`
--
ALTER TABLE `premios`
  ADD PRIMARY KEY (`cod_premio`),
  ADD KEY `cod_pais` (`cod_pais`);

--
-- Constraints for dumped tables
--

--
-- Constraints for table `autores`
--
ALTER TABLE `autores`
  ADD CONSTRAINT `autores_ibfk_1` FOREIGN KEY (`nacionalidad`) REFERENCES `paises` (`cod_pais`) ON DELETE NO ACTION ON UPDATE CASCADE;

--
-- Constraints for table `autor_libro`
--
ALTER TABLE `autor_libro`
  ADD CONSTRAINT `autor_libro_ibfk_1` FOREIGN KEY (`cod_libro`) REFERENCES `libros` (`cod_libro`) ON DELETE CASCADE ON UPDATE CASCADE,
  ADD CONSTRAINT `autor_libro_ibfk_2` FOREIGN KEY (`cod_autor`) REFERENCES `autores` (`cod_autor`) ON DELETE CASCADE ON UPDATE CASCADE;

--
-- Constraints for table `autor_premio`
--
ALTER TABLE `autor_premio`
  ADD CONSTRAINT `autor_premio_ibfk_2` FOREIGN KEY (`cod_autor`) REFERENCES `autores` (`cod_autor`) ON DELETE CASCADE ON UPDATE CASCADE,
  ADD CONSTRAINT `autor_premio_ibfk_3` FOREIGN KEY (`cod_premio`) REFERENCES `premios` (`cod_premio`) ON DELETE CASCADE ON UPDATE CASCADE;

--
-- Constraints for table `libro_premios`
--
ALTER TABLE `libro_premios`
  ADD CONSTRAINT `libro_premios_ibfk_1` FOREIGN KEY (`cod_libro`) REFERENCES `libros` (`cod_libro`) ON DELETE CASCADE ON UPDATE CASCADE,
  ADD CONSTRAINT `libro_premios_ibfk_2` FOREIGN KEY (`cod_premio`) REFERENCES `premios` (`cod_premio`) ON DELETE CASCADE ON UPDATE CASCADE;

--
-- Constraints for table `premios`
--
ALTER TABLE `premios`
  ADD CONSTRAINT `premios_ibfk_1` FOREIGN KEY (`cod_pais`) REFERENCES `paises` (`cod_pais`) ON DELETE CASCADE ON UPDATE CASCADE;

/*!40101 SET CHARACTER_SET_CLIENT=@OLD_CHARACTER_SET_CLIENT */;
/*!40101 SET CHARACTER_SET_RESULTS=@OLD_CHARACTER_SET_RESULTS */;
/*!40101 SET COLLATION_CONNECTION=@OLD_COLLATION_CONNECTION */;
